floors,date started,cost per square foot,years to complete,interest rate on financing,purpose,neighborhood,Target Centroid
25,2001-11-09,29.81,1,1.05,offices,mixed use,(floors:25-cost per square foot:25)
16,2001-06-10,28.29,2,6.76,hospital,residential,(floors:18-cost per square foot:25)
22,2020-08-02,23.56,2,0.46,government,unknown,(floors:25-cost per square foot:25)
17,2003-12-09,28.21,15,4.04,offices,unknown,(floors:18-cost per square foot:25)
20,2014-09-16,26.58,15,4.54,offices,rural,(floors:18-cost per square foot:25)
15,2008-03-30, ,14,3.37,factory,None,(floors:18-cost per square foot:25)
18,2015-08-28,21.71,9,3.59,factory,1,(floors:18-cost per square foot:20)
16,2004-09-17,25.97,14,4.97,government,unknown,(floors:18-cost per square foot:25)
18,2003-01-24,18.59,1,6.03,multi-purpose,residential,(floors:18-cost per square foot:20)
29,2004-06-28,22.57,12,0.57,offices,rural,(floors:25-cost per square foot:25)
22,2000-06-16,27.39,14, ,hospital,1,(floors:25-cost per square foot:25)
15,2021-02-15,17.29,7,6.27,factory,rural,(floors:18-cost per square foot:20)
18,2016-01-31,29.82,9,5.38,warehouse,industrial,(floors:18-cost per square foot:25)
21,None,24.36,12,2.39,offices,mixed use,(floors:18-cost per square foot:25)
27,2007-06-19,21.16,14,2.1,factory,entertainment,(floors:25-cost per square foot:25)
20,2006-02-09,23.89,12,2.51,government,0,(floors:18-cost per square foot:20)
19,2000-10-07,26.43,None,5.66,multi-purpose,rural,(floors:18-cost per square foot:25)
26,2023-11-06,25.81,14,2.21,government,residential,(floors:25-cost per square foot:25)
15,2001-02-24,17.16,6,None,offices,rural,(floors:18-cost per square foot:20)
21,2003-02-27,22.62,6,0.06, ,residential,(floors:25-cost per square foot:25)
24,2016-09-11,21.01,7,1.06, ,unknown,(floors:25-cost per square foot:25)
28,2018-01-01,29.61,2,5.53,nan,0,(floors:25-cost per square foot:25)
20,2013-09-21,21.38,15,3.73,hospital,residential,(floors:18-cost per square foot:25)
17,2018-08-20,21.15,3,4.2,offices,entertainment,(floors:18-cost per square foot:25)
25,2016-09-28,29.31,7,3.89,hospital,mixed use,(floors:25-cost per square foot:25)
20,2011-11-27,18.46,5,7.8,offices,industrial,(floors:18-cost per square foot:20)
24,2023-04-08,21.11,13,1.02,hospital,rural,(floors:25-cost per square foot:25)
14,2007-05-09,23.8,1,6.21,hospital,entertainment,(floors:18-cost per square foot:25)
20,2019-11-20,20.75,1,5.01,multi-purpose,unknown,(floors:18-cost per square foot:25)
19,2019-08-03,19.82,7,7.59,government,industrial,(floors:18-cost per square foot:20)
20,2009-03-15,25.73,11,2.23,offices,rural,(floors:18-cost per square foot:25)
14,2016-06-21,25.48,10,5.25,hospital,residential,(floors:18-cost per square foot:25)
21,2018-05-19,21.6,7,7.12,multi-purpose,entertainment,(floors:25-cost per square foot:25)
23,2015-01-17,29.19,13,None,offices,unknown,(floors:25-cost per square foot:25)
16,2010-04-15,23.89,3,2.05,government,unknown,(floors:18-cost per square foot:20)
17,2011-10-27,23.28,11,7.04,nan,industrial,(floors:18-cost per square foot:25)
18,2001-12-12,23.45,8,5.3,multi-purpose,industrial,(floors:18-cost per square foot:25)
16,2003-04-19,25.76,11,2.33,offices,mixed use,(floors:18-cost per square foot:25)
16,2021-12-02,24.94,4,7.76,multi-purpose,residential,(floors:18-cost per square foot:25)
15,2015-04-03,40.5,1, ,government,industrial,(floors:18-cost per square foot:20)
18,2011-08-06,28.8,11,1.78,government,residential,(floors:18-cost per square foot:25)
15,2005-10-28,23.67,7,5.26,warehouse,1,(floors:18-cost per square foot:20)
 ,2014-08-31,20.13,12,2.81,multi-purpose,industrial,(floors:18-cost per square foot:25)
23,2023-02-02,24.86,1,nan,government,industrial,(floors:25-cost per square foot:25)
21,2009-09-26,20.92,1,7.74,offices,residential,(floors:25-cost per square foot:25)
16,2005-11-30,18.03,3,1,hospital,mixed use,(floors:18-cost per square foot:20)
16,2001-07-15,20.39,12,2.5,1,unknown,(floors:18-cost per square foot:20)
19,2006-05-31,31.45,3,5.62,0,industrial,(floors:18-cost per square foot:20)
27,2012-09-10,25.61,9,4.73,hospital,mixed use,(floors:25-cost per square foot:25)
17,2001-03-23,18.65,10,None,warehouse,unknown,(floors:18-cost per square foot:20)
23,2002-04-14,29.84,3,7.4,hospital,industrial,(floors:25-cost per square foot:25)
24,2004-03-28,22.95,6,5.48,warehouse,rural,(floors:25-cost per square foot:25)
15,2016-09-25,20.81,0,7.85,offices,entertainment,(floors:18-cost per square foot:25)
31,2017-07-05,23.9,11,4.09,factory,entertainment,(floors:25-cost per square foot:25)
16,2009-09-20,22.71,nan,7.75,offices,entertainment,(floors:18-cost per square foot:25)
17,2004-11-18,25.89,15,2.19,factory,entertainment,(floors:18-cost per square foot:25)
18,2005-05-22,35.370000000000005,11,6.28,hospital,unknown,(floors:18-cost per square foot:20)
21,2016-12-15,20.73,5,1.53,factory,mixed use,(floors:18-cost per square foot:20)
17,2000-06-17,9.34,9,6.88,warehouse,industrial,(floors:18-cost per square foot:25)
17,2002-03-23,24.07,4,1.77,government,rural,(floors:18-cost per square foot:25)
16,2002-06-14,25.0,8,6.09,offices,industrial,(floors:18-cost per square foot:25)
21,2002-12-01,27.57,nan,2.94,warehouse,unknown,(floors:18-cost per square foot:25)
24,2022-06-27,27.59,12,nan,warehouse,unknown,(floors:25-cost per square foot:25)
14,2001-02-22, ,None,6.4,warehouse,mixed use,(floors:18-cost per square foot:20)
20,2008-06-12,20.76,5,0.51,multi-purpose,nan,(floors:18-cost per square foot:20)
16,2020-09-10,23.26,11,2.49,government,industrial,(floors:18-cost per square foot:25)
28,2020-05-15,25.67,11,4.52,warehouse,industrial,(floors:25-cost per square foot:25)
16,2000-11-01,21.07,5,2.96,multi-purpose,rural,(floors:18-cost per square foot:20)
29,2007-02-21,21.17,3,5.76,government,entertainment,(floors:25-cost per square foot:25)
14,2007-06-04,21.39,None,4.25,government,entertainment,(floors:18-cost per square foot:20)
19,2005-03-25,16.76,14,0.97,hospital,entertainment,(floors:18-cost per square foot:20)
21,2015-02-14,22.62,10,4.61,government,residential,(floors:25-cost per square foot:25)
28,2000-07-11,25.27,11,3.31,hospital,unknown,(floors:25-cost per square foot:25)
nan,1,29.22,14,0,1,residential,(floors:25-cost per square foot:25)
18,2013-04-18,28.57,10,4.34,multi-purpose,unknown,(floors:18-cost per square foot:25)
None,2009-02-11,30.0,2,5.63,offices,rural,(floors:25-cost per square foot:25)
16,1,16.45,8,4.14,multi-purpose,mixed use,(floors:18-cost per square foot:20)
15,2017-10-24,29.66,3,7.22,warehouse,industrial,(floors:18-cost per square foot:25)
16,2012-04-30,28.41,13,2.13,hospital,residential,(floors:18-cost per square foot:25)
nan,2013-08-08,21.68,7,7.28,multi-purpose,rural,(floors:18-cost per square foot:20)
25,2019-06-08,23.66,14,7.05,multi-purpose,unknown,(floors:25-cost per square foot:25)
21,2016-03-25,20.17,15,0,hospital,mixed use,(floors:18-cost per square foot:20)
26,2022-09-10,28.04,14,5.75,multi-purpose,industrial,(floors:25-cost per square foot:25)
19,2002-02-15,23.86,11,2.6,government,industrial,(floors:18-cost per square foot:20)
20,2008-12-09,29.1,7,6.0,hospital,mixed use,(floors:25-cost per square foot:25)
23,2011-11-25,29.68,12,0.83,factory,rural,(floors:25-cost per square foot:25)
18,2020-02-09,18.51,6,0.84,hospital,industrial,(floors:18-cost per square foot:20)
24,2004-08-23,28.64,12,5.79,offices,rural,(floors:25-cost per square foot:25)
8,2013-02-14,25.53,10,7.23,factory,entertainment,(floors:18-cost per square foot:25)
14,2019-12-31,20.35,15,6.47,factory,residential,(floors:18-cost per square foot:25)
20,1,28.39,11,5.81,multi-purpose,unknown,(floors:18-cost per square foot:25)
1,2015-03-22,20.4,14,6.15,offices,entertainment,(floors:18-cost per square foot:25)
20,2016-01-30,23.14,9,6.79,multi-purpose,mixed use,(floors:18-cost per square foot:20)
15,2000-01-04,24.34,8,0.57,offices,industrial,(floors:18-cost per square foot:25)
15,2023-02-11,1,7,2.03,multi-purpose,residential,(floors:18-cost per square foot:20)
21,2008-06-17,20.88,7,4.16,factory,residential,(floors:25-cost per square foot:25)
15,2023-11-21,25.65,11,5.28,warehouse,unknown,(floors:18-cost per square foot:25)
21,2018-11-03,17.76,7,3.64,offices,entertainment,(floors:18-cost per square foot:20)
18,2014-02-12,16.77,13,5.37,hospital,unknown,(floors:18-cost per square foot:20)
16,2002-08-24,23.28,5,4.09,warehouse,residential,(floors:18-cost per square foot:20)
14,2002-07-09,28.06,13,3.48,offices,unknown,(floors:18-cost per square foot:25)
19,2019-10-29,25.05,13,7.48,warehouse,mixed use,(floors:18-cost per square foot:25)
17,2017-01-12,18.12,6,4.61,government,residential,(floors:18-cost per square foot:20)
21,2003-05-02,22.13,15,1.7,warehouse,entertainment,(floors:18-cost per square foot:20)
17,2012-11-01,22.27,1,1.1,nan,rural,(floors:18-cost per square foot:20)
19,2014-12-21,16.92,7,4.31,hospital,residential,(floors:18-cost per square foot:20)
21,2001-04-08,20.41,6,4.88,warehouse,rural,(floors:25-cost per square foot:25)
22,2009-04-15,23.11,6,4.82,warehouse,rural,(floors:25-cost per square foot:25)
24,2004-01-18,24.92,4,1,factory,mixed use,(floors:25-cost per square foot:25)
14,2012-12-16,24.41,15,5.94,factory,residential,(floors:18-cost per square foot:25)
15,2017-08-13,23.2,1,1.73,hospital,mixed use,(floors:18-cost per square foot:25)
15,2015-10-19,20.92,5,1.76,government,entertainment,(floors:18-cost per square foot:25)
21,2009-01-09,13.809999999999999,15,nan,offices,residential,(floors:25-cost per square foot:25)
20,2000-06-19,27.85,11,5.37,offices,unknown,(floors:25-cost per square foot:25)
nan,2008-07-17,23.83,11,6.19,government,rural,(floors:18-cost per square foot:20)
20,2022-09-24,21.42,12,4.52,multi-purpose,rural,(floors:18-cost per square foot:20)
23,2013-09-30,nan,7,5.56,multi-purpose,unknown,(floors:25-cost per square foot:25)
14,2018-10-15,22.44,2,0,hospital,None,(floors:18-cost per square foot:20)
19,2013-11-01,8.75,1,2.91,government,entertainment,(floors:18-cost per square foot:20)
20,2017-08-27,0,12,6.61,multi-purpose,unknown,(floors:25-cost per square foot:25)
16,2022-12-11,0,3,1.57,offices,rural,(floors:18-cost per square foot:20)
31,2020-07-30,24.99,11,3.37, ,industrial,(floors:25-cost per square foot:25)
25,2015-02-02,20.4,10,6.85,factory,mixed use,(floors:25-cost per square foot:25)
24,2003-12-21,29.93,12,1.78,offices,entertainment,(floors:25-cost per square foot:25)
27,2000-03-18,26.55,9,6.5,government,mixed use,(floors:25-cost per square foot:25)
17,2012-01-14,25.11,10,0.03,government,residential,(floors:18-cost per square foot:25)
16,2012-03-24,18.78,3,6.43,government,mixed use,(floors:18-cost per square foot:20)
23,2017-04-08,29.58,3,4.0,multi-purpose,rural,(floors:25-cost per square foot:25)
15,2021-06-05,23.13,11,6.27,offices,rural,(floors:18-cost per square foot:25)
20,2007-02-04,21.97,3,0.03,None,mixed use,(floors:25-cost per square foot:25)
15,2007-05-14,19.12,3,6.38,hospital,unknown,(floors:18-cost per square foot:20)
18,2005-08-11,18.17,4,5.59,warehouse,residential,(floors:18-cost per square foot:20)
21,2004-12-30,16.32,15,1.98,multi-purpose,entertainment,(floors:18-cost per square foot:20)
20,2002-03-29,39.53,10,5.77,offices,None,(floors:18-cost per square foot:20)
24,2015-01-16,27.83,7,3.75,multi-purpose,unknown,(floors:25-cost per square foot:25)
19,2018-05-24,23.71,12,6.15,hospital,nan,(floors:18-cost per square foot:20)
18,2021-07-12,23.03,1,5.56,warehouse,mixed use,(floors:18-cost per square foot:20)
19,2023-11-18,19.34,6,2.18,government,unknown,(floors:18-cost per square foot:20)
15,2021-04-26,18.8,4,1.61,hospital,unknown,(floors:18-cost per square foot:20)
22, ,26.96,11,0.08,offices,mixed use,(floors:25-cost per square foot:25)
12,2011-12-09,nan,8,6.73,multi-purpose,rural,(floors:18-cost per square foot:20)
19,2010-04-03,27.44, ,0.93,multi-purpose,rural,(floors:18-cost per square foot:25)
20,2008-04-19,27.11,9,6.44,offices,mixed use,(floors:18-cost per square foot:25)
15,2011-11-04,17.67,1,5.65,multi-purpose,entertainment,(floors:18-cost per square foot:20)
15,2021-01-08,21.3,11,7.17,offices,unknown,(floors:18-cost per square foot:20)
24,2001-10-19,None,10,6.03,warehouse,mixed use,(floors:25-cost per square foot:25)
17,2009-07-15,26.47,9,5.44,warehouse,rural,(floors:18-cost per square foot:25)
14,2018-12-24,16.05,4,2.26,hospital,residential,(floors:18-cost per square foot:20)
16,2010-12-14,23.25,3,1.87,government,residential,(floors:18-cost per square foot:25)
28,2022-10-16,27.03,12,0.64,hospital,unknown,(floors:25-cost per square foot:25)
18,2003-04-03,39.36,15,2.18,hospital,industrial,(floors:18-cost per square foot:25)
19,2004-01-06,17.14,11,3.42,government,industrial,(floors:18-cost per square foot:20)
20,2002-02-25,18.64,10,2.29,None,unknown,(floors:18-cost per square foot:20)
20,2003-07-17,24.18,9,5.01,multi-purpose,rural,(floors:18-cost per square foot:25)
16,2017-04-02,24.47,12,2.83,factory,industrial,(floors:18-cost per square foot:25)
20,2008-01-24,nan,10,4.76,offices,mixed use,(floors:18-cost per square foot:20)
20,2009-10-11,23.67,2,2.91,government,unknown,(floors:18-cost per square foot:25)
14,2000-08-14,6.609999999999999,3,0.36,multi-purpose,entertainment,(floors:18-cost per square foot:25)
21,2023-01-11,37.739999999999995,13,1.51,government,mixed use,(floors:18-cost per square foot:20)
24,2021-10-24,20.79,15,3.83,factory,residential,(floors:25-cost per square foot:25)
24,2019-11-19,24.41,9,0.29,multi-purpose,rural,(floors:25-cost per square foot:25)
21,2016-01-04,29.61,8,6.52,offices,entertainment,(floors:18-cost per square foot:25)
16,2010-01-17,22.73,3,2.7,government,entertainment,(floors:18-cost per square foot:25)
16,2011-07-31,20.49,12,1.02,warehouse,entertainment,(floors:18-cost per square foot:20)
21,2013-08-27,33.14,1,4.54,factory,1,(floors:18-cost per square foot:20)
28,2023-10-05,25.72,14,6.06,warehouse,unknown,(floors:25-cost per square foot:25)
17,2008-04-29,16.41,11,2.89,factory,unknown,(floors:18-cost per square foot:20)
21,2005-07-01,20.78,8,6.3,warehouse,entertainment,(floors:25-cost per square foot:25)
27,2018-01-22,25.62,0,7.55,nan,entertainment,(floors:25-cost per square foot:25)
16,nan,23.19,2,5.39,hospital,rural,(floors:18-cost per square foot:25)
14,2001-07-16,20.06,10,0.36,government,residential,(floors:18-cost per square foot:20)
20,2020-06-27,23.19,12,0.57,warehouse,None,(floors:25-cost per square foot:25)
27,2008-09-30,29.71,2,5.42,nan,unknown,(floors:25-cost per square foot:25)
28,2022-06-05,28.37,14,7.32,government,mixed use,(floors:18-cost per square foot:25)
16,2009-01-05,26.53,2,2.31,offices,mixed use,(floors:18-cost per square foot:25)
27,2002-07-05,25.41,12,1.16,hospital,unknown,(floors:25-cost per square foot:25)
17,2023-09-09,18.12,5,5.68,factory,rural,(floors:18-cost per square foot:20)
19,2015-06-05,24.14,15,1.3,offices,mixed use,(floors:18-cost per square foot:25)
15,2000-01-04,26.74,14,3.24,government,industrial,(floors:18-cost per square foot:25)
20,2017-05-02,23.77,12,5.37,factory,entertainment,(floors:18-cost per square foot:20)
17,2004-06-21,23.41,15,5.68,warehouse,unknown,(floors:18-cost per square foot:20)
14,2006-01-13,27.47,8,1.67,government,rural,(floors:18-cost per square foot:25)
18,2017-07-12,18.07,11,4.67,factory,residential,(floors:18-cost per square foot:20)
16,2011-01-14,0,3,6.58,hospital,mixed use,(floors:18-cost per square foot:20)
16,2000-08-14,18.59,12,1.79,multi-purpose,residential,(floors:18-cost per square foot:20)
21,2007-03-24,24.24,5,nan,offices,rural,(floors:25-cost per square foot:25)
25,2003-01-04,22.75,13,4.83,offices,unknown,(floors:25-cost per square foot:25)
15,2018-02-02,29.8,11, ,offices,unknown,(floors:18-cost per square foot:20)
15,2013-05-04,26.47,10,4.46,government,entertainment,(floors:18-cost per square foot:25)
16,2011-12-25,25.2,12,3.14,offices,industrial,(floors:18-cost per square foot:25)
17,2018-02-26,16.87,10,4.18,warehouse,residential,(floors:18-cost per square foot:20)
19,2013-02-24,23.17,15,6.61,hospital,unknown,(floors:18-cost per square foot:20)
23,2015-03-19,25.24,9,6.62,multi-purpose,mixed use,(floors:25-cost per square foot:25)
21,2012-10-07,22.34,8,4.09,multi-purpose,industrial,(floors:25-cost per square foot:25)
23,2017-01-27,23.57,1,0.34,factory,unknown,(floors:25-cost per square foot:25)
17,2006-04-28,23.49,2,1.78,multi-purpose,mixed use,(floors:18-cost per square foot:20)
17,2005-09-24,25.72,5,6.91,government,rural,(floors:18-cost per square foot:25)
15,2019-12-25,20.25,5,5.11,offices,mixed use,(floors:18-cost per square foot:20)
25,2014-01-12,21.81,10,2.06,warehouse,unknown,(floors:25-cost per square foot:25)
19,2007-10-03,22.33,2,3.73,multi-purpose,rural,(floors:18-cost per square foot:20)
15,2011-04-07,1,1,7.38,warehouse,unknown,(floors:18-cost per square foot:25)
21,2022-01-16,28.26,11,1,offices,unknown,(floors:18-cost per square foot:25)
21,2008-03-13,17.82,6,7.4,factory,rural,(floors:18-cost per square foot:20)
28,2011-12-24,25.02,11,0.63,factory,residential,(floors:25-cost per square foot:25)
16,2020-04-12,48.34,8,0.14,offices,mixed use,(floors:25-cost per square foot:25)
54,2003-12-24,26.79,13,7.37,multi-purpose,unknown,(floors:25-cost per square foot:25)
10,2009-09-27,20.23,5,7.85,government,unknown,(floors:25-cost per square foot:25)
15,2009-03-20,23.93,5,2.52,warehouse,unknown,(floors:18-cost per square foot:20)
21,2007-07-04,25.89,12,4.74,government,0,(floors:18-cost per square foot:25)
20,2004-01-20,22.49,2,6.43,offices,mixed use,(floors:25-cost per square foot:25)
21,2002-09-19,16.5,1,6.79,hospital,residential,(floors:18-cost per square foot:20)
24,2023-11-03,13.59,5,0.4,hospital,mixed use,(floors:25-cost per square foot:25)
20,2002-02-19,22.13,15,4.08,offices,mixed use,(floors:18-cost per square foot:20)
18,2022-04-10,23.69,7,4.92,offices,rural,(floors:18-cost per square foot:25)
17,2006-12-29,25.15,8,2.75,multi-purpose,residential,(floors:18-cost per square foot:25)
20,2010-11-12,29.78,2,5.37,government,mixed use,(floors:18-cost per square foot:25)
None,2010-01-01,20.72,15,1.34,factory,unknown,(floors:25-cost per square foot:25)
16,2007-12-12,23.19,1,3.51,offices,mixed use,(floors:18-cost per square foot:25)
20,2011-04-06,32.56,12,3.7,offices,industrial,(floors:18-cost per square foot:25)
20,2021-11-18,18.47,14,4.87,government,mixed use,(floors:18-cost per square foot:20)
15,2000-12-08,20.49,8,4.75,offices,industrial,(floors:18-cost per square foot:20)
25,2018-04-08,26.32,nan,4.25,factory,rural,(floors:25-cost per square foot:25)
20,2022-08-20,25.56,3,5.59,multi-purpose,industrial,(floors:25-cost per square foot:25)
16,2021-07-10,20.9,11,5.99,warehouse,residential,(floors:18-cost per square foot:20)
23,2001-05-31,21.78,6,5.22,factory,rural,(floors:25-cost per square foot:25)
16,2017-01-16,18.19,3,4.94,offices,mixed use,(floors:18-cost per square foot:20)
20,2007-07-12,19.83,8,0.95,factory,industrial,(floors:18-cost per square foot:20)
14,2001-10-03,29.62,9,None,warehouse,mixed use,(floors:18-cost per square foot:25)
14,2015-07-02,19.71,1,1.21,warehouse,0,(floors:18-cost per square foot:20)
14,2020-06-16,17.32,6,1.06,hospital,residential,(floors:18-cost per square foot:20)
1,2015-02-26,23.38,5,7.01,multi-purpose,mixed use,(floors:25-cost per square foot:25)
17,2016-08-24,29.48,14,2.38,warehouse,unknown,(floors:18-cost per square foot:25)
nan,2014-05-22,19.18,4,7.24,hospital,entertainment,(floors:18-cost per square foot:20)
18,2001-04-17,21.2,nan,1.85,hospital,mixed use,(floors:18-cost per square foot:25)
25,2011-03-06,23.61,10,6.81,multi-purpose,residential,(floors:25-cost per square foot:25)
20,2014-11-20,21.05,10,7.81,hospital,industrial,(floors:25-cost per square foot:25)
27,1,24.63,10,6.75,hospital,entertainment,(floors:25-cost per square foot:25)
15,2018-09-16,22.59,6,0.34,warehouse,unknown,(floors:18-cost per square foot:25)
25,2023-04-13,22.88,13,5.78,hospital,unknown,(floors:18-cost per square foot:20)
19,2022-09-06,18.73,8,5.47,offices,unknown,(floors:18-cost per square foot:20)
22,2009-12-28,21.48,10,2.22,warehouse,nan,(floors:25-cost per square foot:25)
10,2017-02-06,None,7,4.93,factory,residential,(floors:18-cost per square foot:25)
21,2005-08-27,27.14,13,6.56,offices,mixed use,(floors:18-cost per square foot:25)
21,0,22.4,8,0.5,multi-purpose,rural,(floors:18-cost per square foot:25)
19,2006-04-10,23.27,1,1.28,hospital,rural,(floors:18-cost per square foot:20)
14,2004-08-03,23.49,12,5.21,warehouse,industrial,(floors:18-cost per square foot:20)
24,2016-04-20,23.59,6,4.26,multi-purpose,mixed use,(floors:25-cost per square foot:25)
20,2007-02-10,17.03,2,1.99,warehouse,mixed use,(floors:18-cost per square foot:20)
18,2015-03-16,22.37,7,4.92,offices,residential,(floors:18-cost per square foot:25)
15,2011-02-25,20.36,6,3.12,offices,entertainment,(floors:18-cost per square foot:25)
16,2020-10-18,22.48,3,2.19,factory,rural,(floors:18-cost per square foot:25)
17,2003-02-03,19.15,0,2.49,government,unknown,(floors:18-cost per square foot:20)
15,2023-09-08,17.53,2,2.74,offices,unknown,(floors:18-cost per square foot:20)
17,2003-12-09,27.41,4,1.07,factory,unknown,(floors:18-cost per square foot:25)
16,2019-12-31,20.96,None,5.36,warehouse,entertainment,(floors:18-cost per square foot:25)
19,2014-02-23,23.11,15,4.58,warehouse,mixed use,(floors:18-cost per square foot:20)
18,2007-05-29,16.54,3,4.7,offices,mixed use,(floors:18-cost per square foot:20)
17,2019-09-12,23.56,13,5.47,multi-purpose,industrial,(floors:18-cost per square foot:25)
18,2015-03-22,19.08,1,0.7,hospital,entertainment,(floors:18-cost per square foot:20)
16,2020-12-10,23.14,2,2.56,warehouse,industrial,(floors:18-cost per square foot:25)
17,2013-08-31,29.07,4,7.17,warehouse,entertainment,(floors:18-cost per square foot:25)
27,2002-09-03,28.17,13,5.64,factory,industrial,(floors:25-cost per square foot:25)
19,2015-11-28,21.19,9,5.62,factory,entertainment,(floors:18-cost per square foot:25)
16, ,37.980000000000004,12,0.15,warehouse,residential,(floors:18-cost per square foot:25)
23,2006-04-24,7.039999999999999,5,3.53,warehouse,entertainment,(floors:25-cost per square foot:25)
26,2013-06-24,25.47,14,2.66,multi-purpose,rural,(floors:25-cost per square foot:25)
16,2011-08-14,20.95,1,6.01,offices,residential,(floors:18-cost per square foot:20)
19,2022-07-06,19.45,4,3.2,hospital,entertainment,(floors:18-cost per square foot:20)
20,2000-06-11,23.58,1,0.37,factory,unknown,(floors:18-cost per square foot:25)
17,2015-08-30,25.18, ,6.34,offices,entertainment,(floors:18-cost per square foot:25)
20,2003-12-31,26.54,15,2.56,offices,mixed use,(floors:18-cost per square foot:25)
15,2016-06-23,20.36,9,6.84,government,unknown,(floors:18-cost per square foot:25)
29,2013-04-26,6.530000000000001,4,4.68,multi-purpose,entertainment,(floors:25-cost per square foot:25)
None,2015-01-09,26.2,4,3.87,offices,residential,(floors:25-cost per square foot:25)
19,2013-11-26,22.64,4,6.14,factory,mixed use,(floors:18-cost per square foot:25)
15,2006-06-20,23.14,10,1.85,hospital,rural,(floors:18-cost per square foot:20)
21,2007-10-09,23.61,3,5.0,factory,unknown,(floors:18-cost per square foot:20)
20,2011-01-22,18.57,12,1.4,offices,entertainment,(floors:18-cost per square foot:20)
17,2009-11-29,21.82,13,4.47,multi-purpose,industrial,(floors:18-cost per square foot:25)
18, ,22.92,7,5.46,warehouse,industrial,(floors:18-cost per square foot:25)
17,2010-06-29, ,13,6.61,warehouse,mixed use,(floors:18-cost per square foot:25)
15,2006-09-22,24.64,15,0.19,multi-purpose,residential,(floors:18-cost per square foot:25)
21,2008-04-25,21.24,4,7.25,warehouse,mixed use,(floors:18-cost per square foot:25)
28,None,22.85,8,0.81,offices,unknown,(floors:25-cost per square foot:25)
20,2018-02-17,20.16,11,0.02,hospital,industrial,(floors:25-cost per square foot:25)
22,2011-11-19,23.09,2,2.07,hospital,industrial,(floors:25-cost per square foot:25)
15,2023-06-14,24.75,4,7.62,factory,residential,(floors:18-cost per square foot:25)
20, ,24.33,6,2.32,government,unknown,(floors:18-cost per square foot:25)
21,2022-04-02,25.73,13,0.16,hospital,nan,(floors:18-cost per square foot:25)
18,2004-08-13,27.02,10,7.98,multi-purpose,residential,(floors:18-cost per square foot:25)
24,2007-11-07,20.04,2,5.05,government,residential,(floors:25-cost per square foot:25)
21,2018-04-28,23.37,3,4.98,government,None,(floors:18-cost per square foot:25)
29,2017-11-12,25.71,2,6.48,government,residential,(floors:25-cost per square foot:25)
17,2023-07-22,29.64,5,7.87,hospital,entertainment,(floors:18-cost per square foot:25)
15,2008-06-29,28.14,11,3.24,government,industrial,(floors:18-cost per square foot:25)
17,2023-07-13,20.43,6,6.28,None,rural,(floors:18-cost per square foot:20)
15,2017-11-16,20.08,3,1.69,factory,rural,(floors:18-cost per square foot:20)
15,1,nan,14,6.93,warehouse,entertainment,(floors:18-cost per square foot:25)
19,2003-11-02, ,15,5.84,multi-purpose,unknown,(floors:18-cost per square foot:25)
18,2010-12-25,24.53,4,1,factory,mixed use,(floors:18-cost per square foot:25)
29,2006-05-11,28.57,12,5.42,offices,industrial,(floors:25-cost per square foot:25)
19,2020-05-28,25.29,10,4.67,government,industrial,(floors:18-cost per square foot:25)
18,2014-06-29,16.46,3,1.73,government,rural,(floors:18-cost per square foot:20)
14,2012-04-22,29.06,9,3.61,factory,mixed use,(floors:18-cost per square foot:25)
22,2021-10-22,24.73,6,3.9,offices,unknown,(floors:25-cost per square foot:25)
21,2001-03-27,24.05,11,0.43,hospital,residential,(floors:18-cost per square foot:25)
20,2001-02-20,17.82,1,5.79,warehouse,entertainment,(floors:18-cost per square foot:20)
20,2003-01-28,44.21,12,4.94,hospital,unknown,(floors:18-cost per square foot:25)
1,2006-02-19,25.76,14,5.07,hospital,mixed use,(floors:25-cost per square foot:25)
22,2011-07-24,23.75,12,1.27,warehouse,residential,(floors:25-cost per square foot:25)
17,2023-11-07,18.6,4,2.14,multi-purpose,mixed use,(floors:18-cost per square foot:20)
20,2013-11-19,20.78,5,1.39,government,0,(floors:18-cost per square foot:20)
4,2005-05-05,26.4,7,1.51,government,entertainment,(floors:25-cost per square foot:25)
21,2002-03-09,15.41,7,4.51,hospital,rural,(floors:18-cost per square foot:20)
18,2023-12-06,20.03,13,7.9,government,rural,(floors:18-cost per square foot:25)
28,2001-05-13,27.18,3,6.06,government,rural,(floors:25-cost per square foot:25)
17,2016-02-26,20.17,15,6.82,government,industrial,(floors:18-cost per square foot:25)
17,2000-10-02,28.76,1,4.08,factory,mixed use,(floors:18-cost per square foot:25)
15,2006-03-17,22.53,7,0.86,offices,mixed use,(floors:18-cost per square foot:25)
18,2015-12-10,21.11,3,6.32,multi-purpose,entertainment,(floors:18-cost per square foot:25)
16,2012-02-07,None,6,7.82,government,entertainment,(floors:18-cost per square foot:25)
16,2011-08-20,22.9,11,0,government,unknown,(floors:18-cost per square foot:20)
22,2003-11-24,23.0,11,3.22,multi-purpose,unknown,(floors:25-cost per square foot:25)
21,2003-03-11,23.96,2,6.29,government,unknown,(floors:18-cost per square foot:20)
29,2000-03-25,24.39,14,2.44,offices,industrial,(floors:25-cost per square foot:25)
15,2016-01-11,18.13,7,2.1,offices,industrial,(floors:18-cost per square foot:20)
19,2010-10-18,19.9,15,6.06,warehouse,unknown,(floors:18-cost per square foot:20)
14,2017-05-24,23.16,2,2.2,offices,rural,(floors:18-cost per square foot:25)
27, ,27.79,7,6.76,government,unknown,(floors:25-cost per square foot:25)
None,2015-01-27,27.5,7,7.88,warehouse,entertainment,(floors:18-cost per square foot:25)
18,2017-12-28,20.9,7,5.83,multi-purpose,rural,(floors:18-cost per square foot:20)
19,2007-04-13,18.74,3,6.22,hospital,entertainment,(floors:18-cost per square foot:20)
34,2012-10-26,28.27,8,2.59,government,rural,(floors:25-cost per square foot:25)
28,2016-09-21,22.43,11,4.94,government,rural,(floors:25-cost per square foot:25)
29,2003-09-29,21.11,nan,4.56,warehouse,rural,(floors:25-cost per square foot:25)
21,2008-02-10,21.1,9,6.48,warehouse,entertainment,(floors:18-cost per square foot:20)
18,2007-06-27,23.95,7,2.44,warehouse,unknown,(floors:18-cost per square foot:25)
15,2010-01-10,20.72,8,6.43,factory,mixed use,(floors:18-cost per square foot:20)
20,0,22.9,6,2.5,offices,entertainment,(floors:18-cost per square foot:20)
15,2002-11-19,29.94,1,4.17,warehouse,rural,(floors:18-cost per square foot:25)
23,2017-09-04,22.14,15, ,hospital,mixed use,(floors:25-cost per square foot:25)
16,2012-06-12,25.8,10,3.1,hospital,mixed use,(floors:18-cost per square foot:25)
24,2002-10-17,20.99,13,6.25,None,residential,(floors:25-cost per square foot:25)
16,1,27.94,11,3.93,government,residential,(floors:18-cost per square foot:25)
14,2004-08-18,24.84,9,nan,hospital,mixed use,(floors:18-cost per square foot:25)
19,2010-03-30,21.69,9,0.27,offices,unknown,(floors:18-cost per square foot:20)
24,2014-08-25,24.69,5,1.0,factory,residential,(floors:25-cost per square foot:25)
16,2020-03-06,16.57,14,3.57,warehouse,industrial,(floors:18-cost per square foot:20)
20,1,29.68,15,6.62,multi-purpose,entertainment,(floors:18-cost per square foot:25)
14,2005-04-14,25.39,1,0.81,warehouse,unknown,(floors:18-cost per square foot:25)
16,2006-06-24,18.2,8,7.13,warehouse,residential,(floors:18-cost per square foot:20)
16,2018-05-05,None,13,1,hospital,rural,(floors:18-cost per square foot:20)
18,2002-08-22,29.44,11,0.62,factory,mixed use,(floors:18-cost per square foot:25)
24,2010-07-29,29.66,13,6.33,offices,rural,(floors:25-cost per square foot:25)
15,2007-06-23,17.33,6,4.43,multi-purpose,entertainment,(floors:18-cost per square foot:20)
29,2005-10-26,25.88,2,3.14,offices,unknown,(floors:25-cost per square foot:25)
14,2016-10-16,24.35,6,3.87,hospital,entertainment,(floors:18-cost per square foot:25)
18,2007-09-03,24.25,7,1,warehouse,mixed use,(floors:18-cost per square foot:25)
20,2008-06-11,21.85,8,7.3,offices,entertainment,(floors:18-cost per square foot:20)
19,0,17.87,8,0.49,multi-purpose,entertainment,(floors:18-cost per square foot:20)
15,2003-09-21,24.21,4,5.23,factory,industrial,(floors:18-cost per square foot:25)
29,2019-12-09,24.94,11,None,multi-purpose,rural,(floors:25-cost per square foot:25)
29,2014-10-31,25.63,2,7.7,hospital,entertainment,(floors:25-cost per square foot:25)
24,2002-06-04,26.22, ,2.07,government,residential,(floors:25-cost per square foot:25)
20,2022-02-26,6.57,1,2.32,government,residential,(floors:18-cost per square foot:25)
15,2006-10-17,16.06,7,2.6,government,residential,(floors:18-cost per square foot:20)
24,2016-01-03,24.22,10,6.22,hospital,industrial,(floors:25-cost per square foot:25)
19,1,19.39,14,0.87,offices,entertainment,(floors:18-cost per square foot:20)
28,2008-06-21,20.09,4,0.63,offices,unknown,(floors:25-cost per square foot:25)
28,2015-10-25,25.24,1,4.96,government,entertainment,(floors:25-cost per square foot:25)
15,2008-06-16,23.4,7,6.77,offices,industrial,(floors:18-cost per square foot:20)
16,2017-02-26,28.1,6,7.48,factory,mixed use,(floors:18-cost per square foot:25)
17,2010-01-06,16.67,1,6.21,factory,entertainment,(floors:18-cost per square foot:20)
14,2015-01-17,26.79,12,6.57,offices,mixed use,(floors:18-cost per square foot:20)
31,2015-02-24,24.69, ,7.65,warehouse,industrial,(floors:18-cost per square foot:25)
15,None,20.02,3,2.73,hospital,industrial,(floors:18-cost per square foot:20)
21,2022-04-08,20.12,6,1.18,multi-purpose,unknown,(floors:18-cost per square foot:25)
19,2014-07-11,None,2,1.43,government,entertainment,(floors:18-cost per square foot:25)
15,2006-07-26,23.48,3,4.74,hospital,mixed use,(floors:18-cost per square foot:20)
18,2007-09-05,25.66,5,5.75,hospital,None,(floors:18-cost per square foot:25)
36,2011-02-28,28.59,12,0.54,government,rural,(floors:18-cost per square foot:25)
21,2017-07-10,21.63,8,2.09,government,unknown,(floors:18-cost per square foot:20)
16,2015-07-20,27.33,7,2.27, ,residential,(floors:18-cost per square foot:25)
None,2005-10-20,16.43,7,4.12,offices, ,(floors:18-cost per square foot:20)
21,2019-02-27,21.87,4,0.81,warehouse,residential,(floors:25-cost per square foot:25)
20,2023-11-22,23.94,14,3.59,government,unknown,(floors:18-cost per square foot:25)
17,2009-06-16,26.03,12,0.58,offices,rural,(floors:18-cost per square foot:25)
15,2001-07-30,26.85,11,2.62,factory,unknown,(floors:18-cost per square foot:25)
17,2011-10-21,18.0,2,3.69,multi-purpose,unknown,(floors:18-cost per square foot:20)
15,2019-02-15,19.74,10,5.59,multi-purpose,mixed use,(floors:18-cost per square foot:20)
16,2015-12-30,24.8,7,7.15,government,residential,(floors:18-cost per square foot:25)
29,2017-09-14,27.05,2,3.24,hospital,entertainment,(floors:25-cost per square foot:25)
26,2019-06-09,29.9,7,None,hospital,residential,(floors:25-cost per square foot:25)
18,2002-10-29,22.83,7,3.05,factory,unknown,(floors:18-cost per square foot:25)
17,2004-03-11,22.47,7,0.73,government,entertainment,(floors:18-cost per square foot:20)
29,None,26.57,6,0,None,unknown,(floors:25-cost per square foot:25)
17,2016-06-04,23.06,5,3.51,multi-purpose, ,(floors:18-cost per square foot:25)
19,2013-08-30,23.73,13,1.22,multi-purpose,industrial,(floors:18-cost per square foot:20)
16,2007-10-10,21.69,12,7.07,government,rural,(floors:18-cost per square foot:25)
nan,None,21.09,5,2.75,factory,unknown,(floors:18-cost per square foot:20)
27,2020-05-25,20.04,14,6.22,multi-purpose,rural,(floors:25-cost per square foot:25)
18,2001-01-04,25.41,14, ,government,industrial,(floors:18-cost per square foot:25)
19,2015-02-24,19.48,9,0.54,factory,residential,(floors:18-cost per square foot:20)
21,2006-01-28,23.72,1,3.12,multi-purpose,industrial,(floors:18-cost per square foot:20)
25,2001-01-11,21.15,6,2.68,factory,residential,(floors:25-cost per square foot:25)
14,2020-02-17,22.79,9,None,hospital,industrial,(floors:18-cost per square foot:20)
14,2020-04-15,21.09,15,5.12,factory,industrial,(floors:18-cost per square foot:20)
18,2005-02-21,28.11,15,6.9,factory,unknown,(floors:18-cost per square foot:25)
17,2018-10-14,22.04,3,4.12,hospital,industrial,(floors:18-cost per square foot:25)
18,2012-01-15,29.94,13,0.75,hospital,mixed use,(floors:18-cost per square foot:25)
18,2020-04-16,23.94,3,5.25,factory,1,(floors:18-cost per square foot:20)
20,2010-02-13,21.68,2,6.75,factory,rural,(floors:18-cost per square foot:25)
26,2005-03-04,20.12,6,5.48,offices,mixed use,(floors:25-cost per square foot:25)
20,2023-10-17,10.899999999999999,12,5.93,hospital,unknown,(floors:18-cost per square foot:20)
19,2019-07-12,18.74,10,7.76,hospital,unknown,(floors:18-cost per square foot:20)
16,2002-05-28,35.730000000000004,nan,6.66,0,entertainment,(floors:18-cost per square foot:25)
15,2015-11-28,19.05,6,5.16,offices,rural,(floors:18-cost per square foot:20)
16,None,25.05,5,1.66,government,unknown,(floors:18-cost per square foot:25)
27,2000-08-29,28.86,4,7.35,0,industrial,(floors:25-cost per square foot:25)
20,2018-03-23,25.33,10,3.46,hospital,unknown,(floors:18-cost per square foot:25)
26,2010-06-22,21.76,4,2.22,offices,rural,(floors:18-cost per square foot:20)
20,2010-04-02,25.46,1,7.3,factory,industrial,(floors:25-cost per square foot:25)
23,2002-11-29,24.45,14,2.39,offices,entertainment,(floors:25-cost per square foot:25)
26,2006-08-02,27.96,3,6.75,hospital,rural,(floors:25-cost per square foot:25)
15,2018-10-21,20.27,2,4.95,factory,unknown,(floors:18-cost per square foot:20)
20,2002-12-02,29.26,11,3.07,warehouse,entertainment,(floors:25-cost per square foot:25)
21,2001-06-01,20.77,9,5.02,factory,residential,(floors:18-cost per square foot:25)
18,2011-01-06,24.66,1,0.22,offices,unknown,(floors:18-cost per square foot:25)
15,2013-10-31,25.86,1,2.39,government,unknown,(floors:18-cost per square foot:25)
18,2016-09-17,26.36,8,7.8,warehouse,residential,(floors:18-cost per square foot:25)
14,2006-12-17,24.97,5,4.9,offices,residential,(floors:18-cost per square foot:25)
17,2010-08-30,17.55,11,2.84,offices,entertainment,(floors:18-cost per square foot:20)
20,2007-10-25,28.44,14,3.55,offices,industrial,(floors:25-cost per square foot:25)
27,2004-04-27,20.76,15,0.2,offices,entertainment,(floors:25-cost per square foot:25)
21,2001-04-12,19.49,14,0.38,offices,residential,(floors:18-cost per square foot:20)
21,2016-10-27,20.67,11,6.53,factory,residential,(floors:25-cost per square foot:25)
14,2015-02-25,24.99,2,0.76,government,entertainment,(floors:18-cost per square foot:25)
16,2006-07-21,24.73,3,7.06,hospital,unknown,(floors:18-cost per square foot:25)
20,2005-03-28,23.41, ,7.46,warehouse,unknown,(floors:25-cost per square foot:25)
17,2003-10-05,28.67,7,2.55,multi-purpose,rural,(floors:18-cost per square foot:25)
23,2005-07-26,22.24,10,5.83,factory,industrial,(floors:25-cost per square foot:25)
21,2011-02-27,28.81,1,1.99,factory,rural,(floors:25-cost per square foot:25)
16,2015-04-01,26.73,8,4.03,hospital,industrial,(floors:18-cost per square foot:25)
15,None,25.75,1,6.47,warehouse,industrial,(floors:18-cost per square foot:20)
27,2002-07-13,26.23,13,0.32,hospital,rural,(floors:25-cost per square foot:25)
15,2005-06-07,23.07,6,7.79,hospital,entertainment,(floors:18-cost per square foot:20)
21,2007-08-28,21.37,9,7.07,offices,residential,(floors:25-cost per square foot:25)
19,2008-05-15,20.14,6,7.8,warehouse,residential,(floors:18-cost per square foot:25)
26,2005-02-04,29.12,10,3.92,multi-purpose,unknown,(floors:25-cost per square foot:25)
16,2017-07-01,0,12,5.1,factory,entertainment,(floors:18-cost per square foot:20)
18,2003-06-14,22.63, ,6.94,government,industrial,(floors:18-cost per square foot:25)
18,2018-01-22,22.29,9,6.57,factory,industrial,(floors:18-cost per square foot:20)
16,2019-10-08,20.88,11,6.2,hospital,mixed use,(floors:18-cost per square foot:20)
20,2001-07-05,nan,9,1.29,government,unknown,(floors:18-cost per square foot:25)
17,2018-07-26,21.27,11,5.22,multi-purpose,industrial,(floors:18-cost per square foot:20)
0,2007-11-10,28.44,1,7.54,factory,entertainment,(floors:18-cost per square foot:25)
18,2012-11-30,27.68,6,4.56,hospital,mixed use,(floors:18-cost per square foot:25)
0,2019-01-13,1,7,0.34,factory,residential,(floors:25-cost per square foot:25)
16,2010-09-12,28.39,9,0.34,factory,entertainment,(floors:18-cost per square foot:25)
22,2012-06-02,27.01,15, ,hospital,rural,(floors:25-cost per square foot:25)
20,2020-09-30,nan,0,0.48,hospital,mixed use,(floors:25-cost per square foot:25)
22,2022-09-11,29.3,None,6.07,multi-purpose,None,(floors:25-cost per square foot:25)
21,2014-02-15,22.12,9,7.42,offices,mixed use,(floors:18-cost per square foot:25)
18,2012-03-17,27.39,4,6.11,multi-purpose,industrial,(floors:18-cost per square foot:25)
20,2018-05-11,23.87,3,5.6,multi-purpose,unknown,(floors:18-cost per square foot:25)
29,2017-01-26,29.06,10,0.8,hospital,residential,(floors:25-cost per square foot:25)
21,nan,26.93,3,6.34,factory,unknown,(floors:18-cost per square foot:25)
15,2006-09-03,17.95,2,4.03,multi-purpose, ,(floors:18-cost per square foot:20)
28,2008-07-10,25.88,14,7.58,offices,entertainment,(floors:25-cost per square foot:25)
30,2007-04-18,26.33,2,5.7,hospital,industrial,(floors:18-cost per square foot:25)
27,2007-11-20,22.82,6,1.89,offices,residential,(floors:25-cost per square foot:25)
27,2013-08-30,21.77,5,4.57,government,unknown,(floors:25-cost per square foot:25)
22,2013-08-31,24.11,1,7.49,offices,mixed use,(floors:25-cost per square foot:25)
20,2000-01-12,19.38,7,5.66,government,unknown,(floors:18-cost per square foot:20)
16,2012-02-20,17.36,10,1.15,government,unknown,(floors:18-cost per square foot:20)
21,2021-01-24,18.14,2,6.94,government,unknown,(floors:18-cost per square foot:20)
17,2014-01-23,21.04,1,2.93,hospital,rural,(floors:18-cost per square foot:20)
16,2001-09-27,21.15, ,4.39,warehouse,residential,(floors:18-cost per square foot:20)
28,2005-10-09,28.93,13,1.47,hospital,rural,(floors:25-cost per square foot:25)
17,2002-05-11,23.77,14,1.25,hospital,industrial,(floors:18-cost per square foot:20)
18,2015-08-03,22.86,13,4.72,offices,residential,(floors:18-cost per square foot:20)
3,2003-11-05,29.4,12,nan,hospital,rural,(floors:18-cost per square foot:25)
19,2015-03-05,17.12,13,nan,multi-purpose,rural,(floors:18-cost per square foot:20)
16,2016-01-10,23.52,11,6.88,warehouse,mixed use,(floors:18-cost per square foot:20)
21,2003-09-02,23.53,6,6.77,hospital, ,(floors:25-cost per square foot:25)
16,nan,38.03, ,6.38,factory,industrial,(floors:18-cost per square foot:25)
16,2023-07-28,10.940000000000001,5,1.54,government,unknown,(floors:18-cost per square foot:25)
17,2007-10-16,23.15,7,0.1,hospital,mixed use,(floors:18-cost per square foot:20)
19,2001-12-18,16.43,2,4.41,offices,mixed use,(floors:18-cost per square foot:20)
17,2010-10-04,17.63,8,3.68,warehouse,unknown,(floors:18-cost per square foot:20)
nan,2022-08-10,17.97,15, ,offices,1,(floors:18-cost per square foot:20)
21,None,25.87,5,5.0,multi-purpose,entertainment,(floors:25-cost per square foot:25)
26,2009-12-24,25.79,2,0.85,offices,rural,(floors:25-cost per square foot:25)
15,2007-07-26,27.68,12,2.02,warehouse,mixed use,(floors:18-cost per square foot:25)
21,2012-10-02,1,6,6.32,factory,rural,(floors:18-cost per square foot:20)
20,2008-06-17,27.83,6,5.86,hospital,rural,(floors:18-cost per square foot:25)
15,2004-12-16,29.34,15,1.33,warehouse,entertainment,(floors:18-cost per square foot:25)
28,2015-04-27,26.97,5,2.32,hospital,mixed use,(floors:25-cost per square foot:25)
