date manufactured,total cost,total items manufactured,percentage rejected,percentage returned,item,manufacturing plant,Target Centroid
1991-03-11,321888.1,15885,1.16,2.59,widget,Venice,(total cost:346127-percentage rejected:1)
1918-05-26,146101.84,11110,1.94,0.28,widget,Venice,(total cost:162345-percentage rejected:2)
1914-05-22,177050.67,3274,3.3,2.97,gadget,Columbus,(total cost:153139-percentage rejected:3)
2017-11-29,346389.53, ,0.86,2.92,thingy,Cincinnati,(total cost:346127-percentage rejected:1)
1930-10-20,151605.94,18094,2.06,1.33,frazmus,Venice,(total cost:162345-percentage rejected:2)
1907-06-06,383467.3,15022,0.82,1.29,thingamajig,Ludlow,(total cost:346127-percentage rejected:1)
1968-12-22,153552.43,15994,1.77,4.88,frazmus,Hillsdale,(total cost:162345-percentage rejected:2)
1913-01-03,371195.29,10291,nan,2.89,thingy,Columbus,(total cost:346127-percentage rejected:1)
1962-03-27,334639.53,9779,1.01,2.54,bobblehead,Columbus,(total cost:346127-percentage rejected:1)
1900-12-28,304524.22,15312,nan,3.84,thingy,Venice,(total cost:346127-percentage rejected:1)
2009-04-04,376068.83,19522,1.01,0.4,frazmus, ,(total cost:346127-percentage rejected:1)
2000-10-01,308185.71, ,1.1,4.46,gadget,Cincinnati,(total cost:346127-percentage rejected:1)
1996-07-30,140245.34,18037,3.2,3.12,frazmus,Kokomo,(total cost:153139-percentage rejected:3)
1940-02-11,180476.31,14950,3.3,1.51,frazmus,nan,(total cost:153139-percentage rejected:3)
1937-11-11,279390.06,2181,0.87,0.87,gadget,Cincinnati,(total cost:346127-percentage rejected:1)
1982-09-21,171017.68,6597,1.72,4.37,unknown,Venice,(total cost:162345-percentage rejected:2)
None,350114.86,17885,0.84,1.09,frazmus,Ludlow,(total cost:346127-percentage rejected:1)
1957-11-24,374479.11,10627,1.06,1.11,widget,Hillsdale,(total cost:346127-percentage rejected:1)
2006-01-01,130261.58,1,2.32,1.9,thingy,Clifton,(total cost:162345-percentage rejected:2)
1957-05-01,183048.47,1492,2.08,1.33,tool,Clifton,(total cost:162345-percentage rejected:2)
1932-12-11,149214.81,4240,2.59,0.82,gadget,Venice,(total cost:153139-percentage rejected:3)
1933-01-26,172371.95,6510,1.77,2.88,widget,Hillsdale,(total cost:162345-percentage rejected:2)
2006-02-22,130073.48,9219,2.08,4.69,bobblehead,Lexington,(total cost:162345-percentage rejected:2)
1915-07-15,276944.3,2832,0.81,0.72,gizmo,Venice,(total cost:346127-percentage rejected:1)
1928-11-02,300182.08,16419,1.08,3.12,thingy,Lexington,(total cost:346127-percentage rejected:1)
1985-12-30,182154.8,19572,2.72,1.81,frazmus,Cincinnati,(total cost:153139-percentage rejected:3)
1929-11-11,400674.61,17208,1.13,3.1,widget,Columbus,(total cost:346127-percentage rejected:1)
1986-04-21,1,10575,3.46,0.35,frazmus,Venice,(total cost:153139-percentage rejected:3)
0,151095.11,5188,1.92,1.98,gizmo,Hillsdale,(total cost:162345-percentage rejected:2)
1914-09-19,164463.32,11277,1.96, ,unknown,Venice,(total cost:162345-percentage rejected:2)
1956-07-26,378250.58,14352,1.18,0.27,bobblehead,Venice,(total cost:346127-percentage rejected:1)
1952-12-24,152145.68,18005,1.69,0.5,gizmo,Lexington,(total cost:162345-percentage rejected:2)
 ,188604.46,15337,1.84,4.55,unknown,Kokomo,(total cost:162345-percentage rejected:2)
1974-09-03,None,14150,1.93,3.96,thingamajig,Venice,(total cost:162345-percentage rejected:2)
1921-12-08,312305.3,18019,1.08,2.08,widget,Ludlow,(total cost:346127-percentage rejected:1)
 ,411923.07,19458,0.97,4.39,thingamajig,Columbus,(total cost:346127-percentage rejected:1)
1900-10-11,153352.91,19845,2.4,0.79,gadget,Venice,(total cost:162345-percentage rejected:2)
1989-06-24,178301.82,1195,1.63,3.29,widget,Kokomo,(total cost:162345-percentage rejected:2)
2002-01-14,0,nan,1.07,2.82,frazmus,Cincinnati,(total cost:346127-percentage rejected:1)
1910-07-18,304826.94,4826,0.95,2.57,widget, ,(total cost:346127-percentage rejected:1)
1930-02-24,311854.7,13093,1.15,2.98,thingamajig,Kokomo,(total cost:346127-percentage rejected:1)
1950-04-28,178480.84,12,2.23,0.92,thingamajig,Kokomo,(total cost:162345-percentage rejected:2)
1992-08-28,144841.67,6994,2.72,3.63,gadget,Lexington,(total cost:153139-percentage rejected:3)
1911-11-05,303573.43,15107,0.87,4.39,thingy,Ludlow,(total cost:346127-percentage rejected:1)
1952-11-27,133288.28,2528,3.12,2.52,gizmo,1,(total cost:153139-percentage rejected:3)
2003-09-22,138554.43,7716,2.33,4.93,thingamajig,Clifton,(total cost:162345-percentage rejected:2)
1924-12-20,383793.47,11552,1.08,4.39,gizmo,Ludlow,(total cost:346127-percentage rejected:1)
1958-03-31,190113.74,2554,2.16,1.3,widget,Venice,(total cost:162345-percentage rejected:2)
1917-11-09,288364.17,724,0.89,0.9,unknown,Clifton,(total cost:346127-percentage rejected:1)
1916-02-10,155249.76,667,3.01,1.46,thingy,Cincinnati,(total cost:153139-percentage rejected:3)
1903-04-14,160005.95,7925,3.46,2.95,bobblehead,Columbus,(total cost:153139-percentage rejected:3)
1904-09-30,141438.55,1969,2.15,2.9,widget,Hillsdale,(total cost:162345-percentage rejected:2)
1974-10-03,144375.5,9530,2.67,1.77,frazmus,Ludlow,(total cost:153139-percentage rejected:3)
1963-05-05,155960.68,7970,1.78,4.63,gadget,Lexington,(total cost:162345-percentage rejected:2)
1906-05-05,72873.35999999999,6744,3.44,2.49, ,Venice,(total cost:153139-percentage rejected:3)
1997-08-13,314294.29,5202,1.13,nan,thingamajig,Cincinnati,(total cost:346127-percentage rejected:1)
1932-11-19,170939.76,19182,2.37,0.27,unknown,Lexington,(total cost:162345-percentage rejected:2)
1977-10-15,313950.78,1761,1.18,1.08,unknown,Kokomo,(total cost:346127-percentage rejected:1)
1928-06-25,281633.32,8019,1.05,4.67,widget,Cincinnati,(total cost:346127-percentage rejected:1)
1953-05-23,327680.29,13206,0.82,3.26,unknown,Clifton,(total cost:346127-percentage rejected:1)
1951-08-26,356275.66,10562,1.14,2.26,tool,Lexington,(total cost:346127-percentage rejected:1)
1943-07-22,137046.88,nan,2.06,0.88,tool,Lexington,(total cost:162345-percentage rejected:2)
1925-07-08,371406.93,2808,1.02,2.12,widget,Venice,(total cost:346127-percentage rejected:1)
1974-07-29,190662.48,7499,3.07,4.18,gadget,Kokomo,(total cost:162345-percentage rejected:2)
2018-09-10,410472.82,3139,1.05,4.65,widget,Venice,(total cost:346127-percentage rejected:1)
1904-07-25,152822.67,15029,1.69,4.22,gadget,Cincinnati,(total cost:162345-percentage rejected:2)
1929-02-17,158974.13, ,2.74,4.83,widget,Lexington,(total cost:153139-percentage rejected:3)
1908-10-12,329303.71,644,0.99,4.87,gadget,Kokomo,(total cost:346127-percentage rejected:1)
2017-10-09,148481.5,5115,3.24,3.98,thingamajig,Kokomo,(total cost:153139-percentage rejected:3)
2019-06-10,140356.69,4312,2.19,0.76,gizmo,Columbus,(total cost:162345-percentage rejected:2)
1976-02-08,167889.03,13245,2.31, ,gizmo,Columbus,(total cost:162345-percentage rejected:2)
1999-06-07,221977.7,11851,1.81,0.13,nan,Ludlow,(total cost:162345-percentage rejected:2)
1976-02-21,175251.01,7409,2.43,4.02,thingy,Hillsdale,(total cost:153139-percentage rejected:3)
1900-01-08,182115.46,6163, ,3.87,frazmus,Ludlow,(total cost:153139-percentage rejected:3)
1920-10-06,205790.82,17001,3.24,0.1,unknown,Venice,(total cost:153139-percentage rejected:3)
1943-02-10,176585.68,4538,3.04,1.63,nan,Kokomo,(total cost:153139-percentage rejected:3)
1963-08-11,164041.74,878,3.22,1.64,nan,Cincinnati,(total cost:153139-percentage rejected:3)
1915-02-05,324018.71,10207,1.08,4.07,frazmus,Lexington,(total cost:346127-percentage rejected:1)
1919-11-08,223860.29,3017,0,4.7,tool,Columbus,(total cost:153139-percentage rejected:3)
1976-07-01,342696.26,12719,1.07,1.69,thingy,Kokomo,(total cost:346127-percentage rejected:1)
1981-12-29,131125.38,16348,1.82,1.57,thingy,Cincinnati,(total cost:162345-percentage rejected:2)
2011-11-01,346120.66,7295,1.0,0.85,tool,None,(total cost:346127-percentage rejected:1)
2013-10-04,158717.32,11019,2.48,1.1,gizmo,Clifton,(total cost:153139-percentage rejected:3)
1975-07-29,324815.67,5161,1.17,None,gizmo,Clifton,(total cost:346127-percentage rejected:1)
1974-11-21,356444.16,2770,0.95,2.89,gizmo,Kokomo,(total cost:346127-percentage rejected:1)
1909-04-20,151370.88,516,1.72,4.74,widget,None,(total cost:162345-percentage rejected:2)
1983-05-10,168921.44,8070,2.41,1.61,thingamajig,Clifton,(total cost:153139-percentage rejected:3)
1937-12-26,164853.99,17416,2.2,4.25,unknown,nan,(total cost:162345-percentage rejected:2)
1917-02-12,402254.36,9530,0, ,frazmus,Cincinnati,(total cost:346127-percentage rejected:1)
1934-09-19,None,18234,2.95,1.96,thingy,Hillsdale,(total cost:153139-percentage rejected:3)
1968-10-13,nan,1365,2.46,4.7,gizmo,Kokomo,(total cost:153139-percentage rejected:3)
1999-06-13,298833.79,292,0.86,4.47,None,Ludlow,(total cost:346127-percentage rejected:1)
1928-03-04,138065.93,3058,2.46,3.07,bobblehead,Kokomo,(total cost:153139-percentage rejected:3)
1932-02-15,325102.03,7034,1.14,0.34,widget,Clifton,(total cost:346127-percentage rejected:1)
1939-08-30,330398.32,14985,0,0.63,unknown,Lexington,(total cost:346127-percentage rejected:1)
1914-04-29,368631.25,19834,0.86,4.55,bobblehead,Columbus,(total cost:346127-percentage rejected:1)
1940-06-17,155764.46,319,2.16,3.03,frazmus,Ludlow,(total cost:162345-percentage rejected:2)
1993-04-05,170516.95,7156,2.0,3.21,thingy,Kokomo,(total cost:162345-percentage rejected:2)
1990-04-27,339471.22,5478,1.11,3.48,tool, ,(total cost:346127-percentage rejected:1)
1905-04-14,382264.08,2936,1.02,1.72,thingy,Kokomo,(total cost:346127-percentage rejected:1)
1952-09-21,297973.55,18250,1.07,2.19,frazmus,nan,(total cost:346127-percentage rejected:1)
1944-03-25,141402.33,19906,3.25,0.93,unknown,Lexington,(total cost:153139-percentage rejected:3)
2011-07-08,239391.01,8566,0.91,4.09,gizmo,Cincinnati,(total cost:346127-percentage rejected:1)
2011-06-22,134146.37,0,3.0,4.5,frazmus,Clifton,(total cost:153139-percentage rejected:3)
1978-12-18,338690.84,2768,1.19,0.86,tool,Lexington,(total cost:346127-percentage rejected:1)
1900-05-03,167171.83,6309,3.19,0.88,frazmus,Clifton,(total cost:153139-percentage rejected:3)
1952-01-02,180980.8,13698,2.33,4.46,gadget,Cincinnati,(total cost:162345-percentage rejected:2)
1945-10-14,310459.4,17159,0,0.49,tool,Cincinnati,(total cost:346127-percentage rejected:1)
1921-06-20,None,2561,1.85,0.56,widget,Ludlow,(total cost:162345-percentage rejected:2)
1977-10-16,170241.18,5301,3.59,0.67,thingamajig,Columbus,(total cost:153139-percentage rejected:3)
1956-07-04,169411.05,6183,2.53,1.45,widget,Cincinnati,(total cost:153139-percentage rejected:3)
1904-03-02,175430.36,13287,2.8600000000000003,0.39,thingamajig,Lexington,(total cost:162345-percentage rejected:2)
2008-04-20,169621.57,18142,2.86,0.05,widget,Lexington,(total cost:153139-percentage rejected:3)
1993-11-02,319253.67,4872,1.03,4.56,frazmus,None,(total cost:346127-percentage rejected:1)
1981-01-07,159561.54,11273,2.2,2.7,thingamajig,Ludlow,(total cost:162345-percentage rejected:2)
1904-03-29,370260.12,19943, ,3.64,tool,Clifton,(total cost:346127-percentage rejected:1)
1951-01-10,190259.55,19365,0,3.76,bobblehead,Kokomo,(total cost:162345-percentage rejected:2)
1990-06-09,278157.06,19694,0.95,4.61,frazmus,Ludlow,(total cost:346127-percentage rejected:1)
1975-01-12,156745.78,18381,2.7,0,gizmo,Lexington,(total cost:153139-percentage rejected:3)
1923-07-29,None,11186,2.25,2.99, ,1,(total cost:162345-percentage rejected:2)
1993-03-06,14089.470000000001,19559,2.66,4.47,frazmus,Ludlow,(total cost:153139-percentage rejected:3)
1955-07-22,178105.74, ,2.52,2.27,thingamajig,nan,(total cost:153139-percentage rejected:3)
1902-04-12,191541.26,4463,1.64,2.79,widget,Venice,(total cost:162345-percentage rejected:2)
1930-03-16,130897.64,14918,3.37,0.76,gizmo,Kokomo,(total cost:153139-percentage rejected:3)
1957-03-01,365968.22,9049,0.87,0.05,widget,Venice,(total cost:346127-percentage rejected:1)
1937-02-11,143390.16,13890,3.09,4.61,bobblehead,Ludlow,(total cost:153139-percentage rejected:3)
1984-02-27,313524.69,7973,1.11,1.22,bobblehead,Kokomo,(total cost:346127-percentage rejected:1)
1969-05-11,141725.04,15205,1.81,0.95,unknown,Kokomo,(total cost:162345-percentage rejected:2)
2000-08-05,397360.19,16776,1.17,0.39,gizmo,Ludlow,(total cost:346127-percentage rejected:1)
1900-04-28,157940.0,7769,2.07,4.9,thingamajig,Cincinnati,(total cost:162345-percentage rejected:2)
1970-08-02,143350.08,19110,2.43,4.52,widget,Lexington,(total cost:153139-percentage rejected:3)
1988-05-22,192915.97,7504,2.05,4.64,tool,0,(total cost:162345-percentage rejected:2)
1944-03-08,175527.51,16925,3.04,3.84,thingy,Lexington,(total cost:153139-percentage rejected:3)
1920-05-04,281085.78,12862,1.2,0.34,widget,Columbus,(total cost:346127-percentage rejected:1)
1989-02-01,130416.16,0,1.79,2.57,gizmo,Venice,(total cost:162345-percentage rejected:2)
2020-04-22,318631.88,6163,1.16,1.96,bobblehead,Kokomo,(total cost:346127-percentage rejected:1)
1993-03-22,128372.02,18896,3.24,0.4,frazmus,Hillsdale,(total cost:153139-percentage rejected:3)
2004-01-27,156581.22,10441,1.64,0.89,widget,Lexington,(total cost:162345-percentage rejected:2)
2015-08-07,166850.95,8489,2.38,4.45,thingamajig,None,(total cost:162345-percentage rejected:2)
1977-07-15,173296.31,5535,2.55,4.89,tool,Kokomo,(total cost:153139-percentage rejected:3)
1949-03-20,148639.01,4207,1.93,4.04,tool,Venice,(total cost:162345-percentage rejected:2)
1919-10-19,123790.06,18498,None,3.3,widget,Cincinnati,(total cost:153139-percentage rejected:3)
1969-11-06,137866.48,16126,3.55,2.44,unknown,Columbus,(total cost:153139-percentage rejected:3)
1911-07-19,281459.62,13812,1.05,1.76,unknown,Lexington,(total cost:346127-percentage rejected:1)
1974-09-27,389273.88,16496,1.16,4.77,tool,Lexington,(total cost:346127-percentage rejected:1)
1992-05-01,143969.18,6467,1.89,0.37,1,Hillsdale,(total cost:162345-percentage rejected:2)
1961-03-11,179750.57,760,2.87, ,gizmo,Kokomo,(total cost:153139-percentage rejected:3)
1946-10-13,152463.44,8862,3.3,1.22,widget,Columbus,(total cost:153139-percentage rejected:3)
1925-12-07,282841.7,14044,0.86,3.12,gizmo,Venice,(total cost:346127-percentage rejected:1)
1983-06-12,309804.38,3092,1.02,0.46,thingy,0,(total cost:346127-percentage rejected:1)
1943-08-01,177408.58,13499,2.35,2.51,widget,Lexington,(total cost:162345-percentage rejected:2)
1967-12-23,1,17709,2.41,0.74,thingy,Ludlow,(total cost:153139-percentage rejected:3)
1900-08-18,299426.07,6765,0,1.98,thingy,0,(total cost:346127-percentage rejected:1)
1944-03-26,185289.91,16136,2.12,4.29,widget,Venice,(total cost:162345-percentage rejected:2)
1940-07-12,150919.44,15977,2.96,3.23,thingy,Clifton,(total cost:153139-percentage rejected:3)
1996-12-22,182343.65,18030,2.68,3.37,thingamajig,Venice,(total cost:153139-percentage rejected:3)
1913-05-11,167939.84,19014,1.67,1.73,frazmus,Lexington,(total cost:162345-percentage rejected:2)
0,175371.23,8788,1.9,1.61,widget,Kokomo,(total cost:162345-percentage rejected:2)
1932-12-16,136361.18,11580,3.44,4.87,thingy,Clifton,(total cost:153139-percentage rejected:3)
1915-07-09,404865.82,3879,1.11,1.27,widget,Lexington,(total cost:346127-percentage rejected:1)
1981-05-09,179287.02,15664,2.87,4.37,unknown,Clifton,(total cost:153139-percentage rejected:3)
1971-07-11,183394.21,5116,3.18,4.36,bobblehead,Hillsdale,(total cost:153139-percentage rejected:3)
1961-01-15,135263.49,4461,3.5,3.8,widget,Venice,(total cost:153139-percentage rejected:3)
2003-02-04,355052.29,15742,0.93,3.04,1,Kokomo,(total cost:346127-percentage rejected:1)
1909-12-21,130499.08,10461,3.02,4.85,0,Columbus,(total cost:153139-percentage rejected:3)
1908-11-09,493053.45,8808,1.12,4.51,bobblehead,Ludlow,(total cost:346127-percentage rejected:1)
1928-01-04,234272.42,7660,1,2.54,bobblehead,Clifton,(total cost:162345-percentage rejected:2)
1922-12-03,160746.21,17172,2.62,0.22,1,Columbus,(total cost:153139-percentage rejected:3)
2022-04-02,141275.9,18008,2.18,4.23,widget,Cincinnati,(total cost:162345-percentage rejected:2)
1945-02-24,314176.57,2614,1.11,3.56,gadget,Ludlow,(total cost:346127-percentage rejected:1)
1962-09-27,129376.83000000002,3389,0.89,2.08,gizmo,Columbus,(total cost:346127-percentage rejected:1)
1945-01-02,149251.21,13240,2.14,2.85,thingamajig,Venice,(total cost:162345-percentage rejected:2)
1931-11-10,nan,1479,0,3.02,thingamajig,Hillsdale,(total cost:153139-percentage rejected:3)
1969-06-10,141139.22,10647,2.49,3.92,widget,Clifton,(total cost:153139-percentage rejected:3)
1984-01-04,414916.11,6799,0.92,3.53,gizmo,Lexington,(total cost:346127-percentage rejected:1)
2019-06-03,371970.26,5202,1.11,4.71,frazmus,Cincinnati,(total cost:346127-percentage rejected:1)
1903-04-30,137496.41,5988,2.17,2.9,nan,Hillsdale,(total cost:153139-percentage rejected:3)
1974-03-16,168794.48,1585,3.37,0.34,frazmus, ,(total cost:153139-percentage rejected:3)
1989-06-13,None,14035,1.05,1,gadget,Venice,(total cost:346127-percentage rejected:1)
1995-08-30,169203.01,8683,2.21,3.86,widget, ,(total cost:162345-percentage rejected:2)
1987-05-20,296801.28,8317,1.04,3.6,gadget,Venice,(total cost:346127-percentage rejected:1)
2007-10-23,124673.83,10728,2.79,4.27,widget,Kokomo,(total cost:153139-percentage rejected:3)
1983-12-18,278171.76,1023, ,1.67,widget,Columbus,(total cost:346127-percentage rejected:1)
2000-04-22,158819.15,8671,2.29,0.44,gizmo,Cincinnati,(total cost:162345-percentage rejected:2)
1926-03-20,166226.24,19867,2.2,1.86,0,Hillsdale,(total cost:162345-percentage rejected:2)
2008-11-25,152319.99,2689,1.65,2.36,bobblehead,Cincinnati,(total cost:162345-percentage rejected:2)
1965-07-22,nan,3047,3.42,3.52,gadget,Kokomo,(total cost:153139-percentage rejected:3)
1979-03-10,363627.28,13747,1.16,4.53,tool,Venice,(total cost:346127-percentage rejected:1)
2014-03-17,390662.51,12167,0.98,4.24,unknown,Venice,(total cost:346127-percentage rejected:1)
1974-04-10,183301.5,4104,2.19,1.61,gizmo,Columbus,(total cost:162345-percentage rejected:2)
1929-02-18, ,11699,1.62,0.5,bobblehead,Ludlow,(total cost:162345-percentage rejected:2)
1995-12-09,172174.73,14049,1.92,2.25,thingamajig,Lexington,(total cost:162345-percentage rejected:2)
1971-12-03,1,9077,1.16, ,tool,Kokomo,(total cost:346127-percentage rejected:1)
1969-04-01,163729.49,11992,2.18,3.75,bobblehead,Cincinnati,(total cost:162345-percentage rejected:2)
1935-04-01,136352.68,4983,2.23,4.51,frazmus,Lexington,(total cost:162345-percentage rejected:2)
1903-11-19,167852.91,14921,2.4,4.68,thingamajig,Columbus,(total cost:162345-percentage rejected:2)
1980-05-22,146163.32,14313,2.04,3.62,gizmo,Columbus,(total cost:162345-percentage rejected:2)
1992-11-20,134010.93,2611,2.23,3.84,bobblehead,Hillsdale,(total cost:162345-percentage rejected:2)
2019-01-13,182413.37,1876,2.97,2.62,thingamajig,Ludlow,(total cost:153139-percentage rejected:3)
1921-11-01,299405.24,17480,1.04,4.01,tool,Ludlow,(total cost:346127-percentage rejected:1)
1973-05-23,385670.53,14669,1.08,0.31,tool,Venice,(total cost:346127-percentage rejected:1)
2008-09-09,157559.61,9767,2.15,0.83,gadget,Columbus,(total cost:162345-percentage rejected:2)
2006-04-30,184047.97,7140,2.23,4.13,unknown,Venice,(total cost:162345-percentage rejected:2)
1906-02-26,127381.63,19912,2.47,4.03,bobblehead,Cincinnati,(total cost:153139-percentage rejected:3)
1911-07-13,176205.62,7367,2.17,3.06,tool,Hillsdale,(total cost:162345-percentage rejected:2)
1923-06-21,154111.98,14000,2.55,1.07,frazmus,Clifton,(total cost:153139-percentage rejected:3)
2006-11-21,192743.13,7347,1.71,1.73,thingamajig,Venice,(total cost:162345-percentage rejected:2)
1956-11-17,127442.13,11830,2.84,2.64,widget,Venice,(total cost:153139-percentage rejected:3)
2010-02-01,140450.32,1323,1.81,2.69,tool,Lexington,(total cost:162345-percentage rejected:2)
1904-12-02,192925.26,19217,1.75,1.79,thingamajig,Venice,(total cost:162345-percentage rejected:2)
1946-10-01,383103.19,15533,1.02,3.31,widget,Columbus,(total cost:346127-percentage rejected:1)
1971-05-06,408425.11,7707,0.83,4.57,0,Hillsdale,(total cost:346127-percentage rejected:1)
1905-04-08,188979.17,14621,2.19,4.31,gizmo,Venice,(total cost:162345-percentage rejected:2)
2009-06-09,366420.94,12670,0.97,4.29,frazmus,Hillsdale,(total cost:346127-percentage rejected:1)
1950-02-27,128353.82,16023,2.97,1.28,bobblehead,1,(total cost:153139-percentage rejected:3)
2004-03-08,189570.57,14943,2.38,3.87,thingamajig,Hillsdale,(total cost:162345-percentage rejected:2)
2014-01-24,286166.53,15632,1.02,2.95,widget,Columbus,(total cost:346127-percentage rejected:1)
1924-07-24,342814.58,10362,1.12,1.36, ,Ludlow,(total cost:346127-percentage rejected:1)
1936-08-11,160792.27,13791,2.82,3.66,thingy,Clifton,(total cost:153139-percentage rejected:3)
1993-03-09,170847.65,437,2.5,3.73,frazmus,Clifton,(total cost:153139-percentage rejected:3)
1914-01-21,187881.73,15712,2.21,2.43,tool,Hillsdale,(total cost:162345-percentage rejected:2)
1985-12-12,149367.86,10554,3.27,0.98,gizmo,Lexington,(total cost:153139-percentage rejected:3)
1906-03-26,133566.09,5505, ,0.86,thingy,Venice,(total cost:153139-percentage rejected:3)
2022-11-19,304213.53,9792,nan,2.48,bobblehead,Ludlow,(total cost:346127-percentage rejected:1)
1909-01-16,180218.8,3328,1.96,2.53,gadget,Kokomo,(total cost:162345-percentage rejected:2)
1914-10-26,315339.35,3821,0.84,4.01,bobblehead,Columbus,(total cost:346127-percentage rejected:1)
1943-06-29,146353.08,16399,2.03,3.52,gizmo,Columbus,(total cost:162345-percentage rejected:2)
1993-08-04,1,16429,3.19,2.49,thingy,Hillsdale,(total cost:153139-percentage rejected:3)
1974-10-31,139917.79,11438,3.56,3.01,bobblehead,Columbus,(total cost:153139-percentage rejected:3)
1965-09-25,406994.55,12270,1.19,3.59,bobblehead,Kokomo,(total cost:346127-percentage rejected:1)
1981-10-20,141599.3,13702,2.09,3.7,thingy,Cincinnati,(total cost:162345-percentage rejected:2)
1931-11-11,132624.11,16479,1.64,2.9,thingy,Columbus,(total cost:162345-percentage rejected:2)
1968-10-29,137675.79,11674,1.65,2.21,bobblehead,Ludlow,(total cost:162345-percentage rejected:2)
1937-12-17,142056.87,17500,3.33,2.78,frazmus,Kokomo,(total cost:153139-percentage rejected:3)
1941-01-24,160422.32,801,1,2.17,unknown,Kokomo,(total cost:153139-percentage rejected:3)
None,282231.27,None,1.02,3.24,thingy,Ludlow,(total cost:346127-percentage rejected:1)
1980-03-22,133768.41,2633,2.27,2.76,thingamajig,Hillsdale,(total cost:162345-percentage rejected:2)
1900-05-13,172394.4,4243,0,0.72,gadget,Columbus,(total cost:153139-percentage rejected:3)
1903-04-13,128628.41,11364,3.52,3.73,frazmus,Hillsdale,(total cost:153139-percentage rejected:3)
1971-04-19,123088.15,10944,2.99,3.05,frazmus,Ludlow,(total cost:153139-percentage rejected:3)
1917-09-30,196532.71,15843,1.99,2.72,gadget,Clifton,(total cost:162345-percentage rejected:2)
1939-06-17,155924.73,15387,3.26,3.27,frazmus,Clifton,(total cost:153139-percentage rejected:3)
1964-05-07,172257.3,13446,2.21,4.63,nan,Clifton,(total cost:162345-percentage rejected:2)
1923-08-14,141092.59,19084,2.53,0.88,gadget,None,(total cost:153139-percentage rejected:3)
2000-10-26,293610.49,13070,1.16,0.06, ,Lexington,(total cost:346127-percentage rejected:1)
1949-05-13,173832.61,19925,1.87,3.46,gizmo,Hillsdale,(total cost:162345-percentage rejected:2)
1940-09-19,159992.81,16860, ,2.98,thingamajig,Hillsdale,(total cost:153139-percentage rejected:3)
2001-04-24,134677.99,456,2.03,2.24,tool,Clifton,(total cost:162345-percentage rejected:2)
1957-07-21,160645.13,408,2.55,4.27,tool,Venice,(total cost:153139-percentage rejected:3)
1958-08-01,178991.45,8495,2.13,0.24,tool,Kokomo,(total cost:162345-percentage rejected:2)
1935-07-21,151547.9,19782,1.77,1.44,thingy,Lexington,(total cost:162345-percentage rejected:2)
1969-02-17,171268.51,11917,1,1.47,unknown,Hillsdale,(total cost:162345-percentage rejected:2)
2009-06-04,155855.96,16344,3.03,2.17,tool,Lexington,(total cost:153139-percentage rejected:3)
1997-09-24,407396.2,8673,1.17,0.6,gizmo,Kokomo,(total cost:346127-percentage rejected:1)
1932-08-23,147156.35,15308,3.51,1.6,tool,Hillsdale,(total cost:153139-percentage rejected:3)
1915-12-22,178869.08,6495,2.14,0.02,thingy,Venice,(total cost:162345-percentage rejected:2)
1926-07-12,293570.79,18918,0.95,2.69,widget,Clifton,(total cost:346127-percentage rejected:1)
1976-08-07,360151.86,11895,1.16,3.63,thingamajig,Hillsdale,(total cost:346127-percentage rejected:1)
1925-07-05,313778.45,6014,1.2,2.24,gadget,Hillsdale,(total cost:346127-percentage rejected:1)
1936-11-04,374917.21,10525,0.91,0.17,frazmus,Ludlow,(total cost:346127-percentage rejected:1)
2010-03-03,164625.53,11323,1.69,nan,1,Cincinnati,(total cost:162345-percentage rejected:2)
1971-01-17,130248.08,19083,1.68,4.05,frazmus,Hillsdale,(total cost:162345-percentage rejected:2)
1952-03-24,133959.74,5045,1.93,0.88,thingamajig,Hillsdale,(total cost:162345-percentage rejected:2)
2006-09-30,408610.56,19175,1.02,1.2,gadget,Venice,(total cost:346127-percentage rejected:1)
1984-08-28,301812.47,8417,0.81,0.41,gizmo,Hillsdale,(total cost:346127-percentage rejected:1)
1990-09-08,150013.59,12699,2.93,1.77,tool,Cincinnati,(total cost:153139-percentage rejected:3)
1936-01-30,134982.19,6151,2.38,2.93,gadget,Lexington,(total cost:162345-percentage rejected:2)
1961-08-31,1,6465,1.13,3.78,frazmus,Venice,(total cost:346127-percentage rejected:1)
1922-04-14,320647.87,12535, ,2.12,bobblehead,Cincinnati,(total cost:346127-percentage rejected:1)
1904-09-09,173737.54,17696,2.03,1.2,thingamajig,Lexington,(total cost:162345-percentage rejected:2)
2008-03-03,1,4721,0.88,1.15,bobblehead,Hillsdale,(total cost:346127-percentage rejected:1)
1969-05-23,338696.49,17438,0.91,1.34,thingy,Kokomo,(total cost:346127-percentage rejected:1)
1958-06-01,345214.64,17589,0.82,None,gadget,Venice,(total cost:346127-percentage rejected:1)
1912-02-13,157518.85,10265,None,0.9,bobblehead,Kokomo,(total cost:153139-percentage rejected:3)
0,152608.18,15009,2.6,1.05,frazmus,Venice,(total cost:153139-percentage rejected:3)
1969-03-07,127380.18,13569,2.69,0.99,bobblehead,Kokomo,(total cost:153139-percentage rejected:3)
nan,144085.77,10694,1.72,1.7,gadget,Cincinnati,(total cost:162345-percentage rejected:2)
1983-08-17,151065.15,5100,nan,2.3, ,Cincinnati,(total cost:162345-percentage rejected:2)
1982-03-20,143232.24,18637,1.71,3.55,thingamajig,Ludlow,(total cost:162345-percentage rejected:2)
2018-06-06,351294.46,19791,0.88,1.17,bobblehead,Cincinnati,(total cost:346127-percentage rejected:1)
1962-07-12,182116.51,14851,2.72,4.08,thingamajig,Lexington,(total cost:153139-percentage rejected:3)
1943-03-07,171167.72,186,2.13,4.88,thingy,Kokomo,(total cost:162345-percentage rejected:2)
1999-04-20,173952.35,1207,3.14,3.0,gizmo,Clifton,(total cost:153139-percentage rejected:3)
1998-03-08,332631.14,2078,1.2, ,gizmo,Venice,(total cost:346127-percentage rejected:1)
1986-06-08,174290.93,10054,2.96,4.37,widget,Lexington,(total cost:153139-percentage rejected:3)
2021-07-27,304557.22,16744,0.86,4.11,gizmo,Clifton,(total cost:346127-percentage rejected:1)
2010-07-05,141039.75,9096,3.08,4.84,thingy,Cincinnati,(total cost:153139-percentage rejected:3)
1989-11-19,179809.68,5437,1.73,3.75,tool,Cincinnati,(total cost:162345-percentage rejected:2)
1951-08-02,137017.69,nan,2.26,2.21,gadget,Hillsdale,(total cost:162345-percentage rejected:2)
1907-01-29,318586.37,nan,0.81,1.95,gadget,Lexington,(total cost:346127-percentage rejected:1)
1900-10-08,153821.75,11797,2.07,2.19,widget,Columbus,(total cost:162345-percentage rejected:2)
1958-06-20,151573.54,9014,1.68,2.57,gizmo,Lexington,(total cost:162345-percentage rejected:2)
1916-05-18,336509.16,2075,0.95,2.37,unknown,Hillsdale,(total cost:346127-percentage rejected:1)
2014-10-02,401004.63,5956,1.04,4.3,unknown,Ludlow,(total cost:346127-percentage rejected:1)
1901-01-19,nan,14054,2.36,4.01,frazmus,Ludlow,(total cost:162345-percentage rejected:2)
1928-06-05,132101.47,15750,1.62,2.85,unknown,Clifton,(total cost:162345-percentage rejected:2)
1937-03-19,173103.72,18023,1.7999999999999998,0.07,unknown,Columbus,(total cost:153139-percentage rejected:3)
1969-05-28,8333.490000000005,4029,3.59,0.39,None,Clifton,(total cost:153139-percentage rejected:3)
1964-09-17,144726.08,0,2.22,1.4,gadget,Ludlow,(total cost:162345-percentage rejected:2)
1963-09-02,141309.29,514,2.86,3.71,gizmo,Kokomo,(total cost:153139-percentage rejected:3)
1952-01-05,308487.5,16453,1.12,1.48,gadget,Hillsdale,(total cost:346127-percentage rejected:1)
2011-10-17,191600.59,10701,1.73,0.99,0,Columbus,(total cost:162345-percentage rejected:2)
2002-04-03,335085.12,10873,1.11,4.49,unknown,Columbus,(total cost:346127-percentage rejected:1)
1989-09-27,170621.51,5822,None,0.08,gadget,Cincinnati,(total cost:153139-percentage rejected:3)
1974-04-20,370653.52, ,0.82,3.04,thingamajig,Cincinnati,(total cost:346127-percentage rejected:1)
nan,167597.55,8227,3.59,4.32,unknown,Clifton,(total cost:153139-percentage rejected:3)
1975-11-15,345660.87,12697,1.18,4.53,gizmo,Clifton,(total cost:346127-percentage rejected:1)
1908-03-12,289097.55,16046,0.87,0.51,gadget,Venice,(total cost:346127-percentage rejected:1)
1933-06-30,0,17904,0.89,2.37,unknown,Clifton,(total cost:346127-percentage rejected:1)
1900-10-08,146378.19,7424,2.26,3.59,thingy,nan,(total cost:162345-percentage rejected:2)
 ,130343.84,6349,2.23,0.66,tool,Lexington,(total cost:162345-percentage rejected:2)
1969-03-30,163210.23,5018,2.15,4.93,unknown,Columbus,(total cost:162345-percentage rejected:2)
1922-02-17,175111.52,9755,1.92,3.6,thingy,Cincinnati,(total cost:162345-percentage rejected:2)
1907-07-29,159345.5,19274,1.85,4.79,thingy,Cincinnati,(total cost:162345-percentage rejected:2)
1973-07-09,340078.08,7173,0.9,0.82,bobblehead,Hillsdale,(total cost:346127-percentage rejected:1)
1955-08-19,130283.89,0,1.81,1.16,thingy,Lexington,(total cost:162345-percentage rejected:2)
1954-11-09,135389.47,15530,3.51,0.11,gizmo,Clifton,(total cost:153139-percentage rejected:3)
1959-12-21,179957.11,7840,2.22,3.81,widget,Lexington,(total cost:162345-percentage rejected:2)
1987-01-19,353708.96,2796,0.83,3.37,widget,1,(total cost:346127-percentage rejected:1)
1919-08-29,140700.65,14448,1.81,2.48,frazmus,Lexington,(total cost:162345-percentage rejected:2)
2020-06-18,155769.89,682,2.51,3.04,tool,Columbus,(total cost:153139-percentage rejected:3)
1973-08-25,368661.09,13060,1.17,4.25,gadget,Ludlow,(total cost:346127-percentage rejected:1)
1980-08-11,135108.61,2096,2.98,1.47,gadget,Hillsdale,(total cost:153139-percentage rejected:3)
None,119031.13,16335,2.03,3.53,tool,Cincinnati,(total cost:162345-percentage rejected:2)
1907-07-07,156893.48,1274,3.08,2.22,thingamajig,Ludlow,(total cost:153139-percentage rejected:3)
1993-01-27,372292.94,990,0.9,4.22,frazmus,Columbus,(total cost:346127-percentage rejected:1)
1917-08-01, ,16186,1.96,0.59,thingamajig,Ludlow,(total cost:162345-percentage rejected:2)
1949-11-04,228580.99,1349,1.87,0.88,unknown,Clifton,(total cost:162345-percentage rejected:2)
1966-02-17,141019.52,3019,2.28,4.3,tool,Columbus,(total cost:162345-percentage rejected:2)
2004-07-09,136883.89,10217,2.81,4.88,frazmus,Hillsdale,(total cost:153139-percentage rejected:3)
1942-01-26, ,19038,1.65,2.06,bobblehead,Ludlow,(total cost:162345-percentage rejected:2)
1950-06-08,358506.4,16794,1.03,3.82,frazmus,Venice,(total cost:346127-percentage rejected:1)
1982-03-03,130249.66,13714,1.66,4.45,thingamajig,Lexington,(total cost:162345-percentage rejected:2)
2006-01-23,136751.39,9168,3.16,2.76,thingamajig,Ludlow,(total cost:153139-percentage rejected:3)
2011-08-18,181202.11,13290,1.85, ,unknown,Hillsdale,(total cost:162345-percentage rejected:2)
1948-03-05,401247.61,4395, ,1.03,frazmus,Ludlow,(total cost:346127-percentage rejected:1)
 ,301978.23,12926,0.83,4.57,frazmus,Cincinnati,(total cost:346127-percentage rejected:1)
1905-02-23,157351.25,13099,2.44,nan,tool,Clifton,(total cost:153139-percentage rejected:3)
1934-05-21,388701.83,9023,0.95,4.53,unknown,Columbus,(total cost:346127-percentage rejected:1)
1999-09-22,142726.26,4525,3.08,3.72,frazmus,Cincinnati,(total cost:153139-percentage rejected:3)
1903-11-08,149124.84,575,1.5299999999999998,1.24,unknown,Cincinnati,(total cost:153139-percentage rejected:3)
2016-07-23,288542.7,15024,1.07,2.11,gizmo,Cincinnati,(total cost:346127-percentage rejected:1)
1933-06-13,352347.08,8624,1.07,0.38,thingy,Kokomo,(total cost:346127-percentage rejected:1)
2015-11-02,160515.64,3769,1.71,2.95,thingamajig,Kokomo,(total cost:162345-percentage rejected:2)
1974-12-04,319683.95,10915,1.09,3.56,gadget,Clifton,(total cost:346127-percentage rejected:1)
1986-07-19,357867.68,183,0.83,3.64,widget,Cincinnati,(total cost:346127-percentage rejected:1)
1986-03-15,180646.16,6111,2.76,0.54,thingamajig,Lexington,(total cost:162345-percentage rejected:2)
2019-04-14,178740.92,19646,2.67,1.65,thingy,Clifton,(total cost:153139-percentage rejected:3)
1957-10-19,288399.82,19947,0.93,4.53,frazmus,Kokomo,(total cost:346127-percentage rejected:1)
1924-07-10,175348.51,4715,4.5600000000000005,2.75,gizmo,Clifton,(total cost:153139-percentage rejected:3)
1994-12-21,144592.15,14979, ,3.48,frazmus,Columbus,(total cost:153139-percentage rejected:3)
1952-09-04,155927.68,2681,2.42,2.77,bobblehead,Columbus,(total cost:153139-percentage rejected:3)
nan,340599.95,12858,1.18,1.32,thingy,Columbus,(total cost:346127-percentage rejected:1)
1921-04-14,408676.57,19548,1.13,0.14,tool,Kokomo,(total cost:346127-percentage rejected:1)
1918-09-05,176985.27,6522,2.86,0.7,frazmus,Kokomo,(total cost:153139-percentage rejected:3)
2020-12-31,321610.89,19897,0.97,3.51,gadget,Cincinnati,(total cost:346127-percentage rejected:1)
1922-10-26,115106.76000000001,589,1.85,3.53,bobblehead,Venice,(total cost:162345-percentage rejected:2)
2004-12-26,139387.41,2386,1.66,2.42,frazmus,Cincinnati,(total cost:162345-percentage rejected:2)
1940-01-03,331089.66,6475,1.09,4.75,gizmo,nan,(total cost:346127-percentage rejected:1)
1983-11-30,0,None,2.94,0,bobblehead,Venice,(total cost:153139-percentage rejected:3)
1920-10-27,318738.41,8756,1.1,2.84,frazmus,Hillsdale,(total cost:346127-percentage rejected:1)
nan,347182.37,None,1.16,0.6,thingy,Venice,(total cost:346127-percentage rejected:1)
1915-07-22,131068.53,8480,3.19,0,thingy,Ludlow,(total cost:153139-percentage rejected:3)
nan,133913.69,308,2.15,1.0,thingamajig,0,(total cost:162345-percentage rejected:2)
 ,152667.15,2451,2.1,0.46,gadget,Ludlow,(total cost:162345-percentage rejected:2)
1993-05-10,193394.84,9974,1.94,1.43,frazmus,Kokomo,(total cost:162345-percentage rejected:2)
2012-10-29,372818.7,9626,1.03,0.83,unknown,Lexington,(total cost:346127-percentage rejected:1)
1905-02-09,405174.24,None,1.15,2.54,bobblehead,Kokomo,(total cost:346127-percentage rejected:1)
1997-11-13,141920.15,16462,1.71,2.68,frazmus,Ludlow,(total cost:162345-percentage rejected:2)
2001-07-30,300391.14,9133,1.16,1.52,thingy,Cincinnati,(total cost:346127-percentage rejected:1)
2021-02-01,154834.72,1004,1.71,4.38,thingy,Lexington,(total cost:162345-percentage rejected:2)
1943-06-01,357365.3,16395,1.1,3.57,unknown,Kokomo,(total cost:346127-percentage rejected:1)
1969-05-23,137454.03,18618,1.63,4.77,bobblehead,Clifton,(total cost:162345-percentage rejected:2)
1916-08-19,403511.92,16111,0.81,4.73,gizmo,Lexington,(total cost:346127-percentage rejected:1)
2016-03-19,131534.63,8064,1.13,3.2,gizmo,Venice,(total cost:153139-percentage rejected:3)
1905-10-17,313502.64,1733,1.08,4.06,gizmo,Venice,(total cost:346127-percentage rejected:1)
2009-12-30,189057.66,5461,2.17,0.01,gadget,Cincinnati,(total cost:162345-percentage rejected:2)
1986-08-28,411985.3,892,0.93,0.93,unknown,Clifton,(total cost:346127-percentage rejected:1)
1916-04-13,322267.15,18672,0.84,3.11,gadget,Ludlow,(total cost:346127-percentage rejected:1)
1966-12-29,332221.13,10164,0.86,1.15,thingy,Cincinnati,(total cost:346127-percentage rejected:1)
1991-08-08,131471.1,5679,2.81,1.34,thingy,Hillsdale,(total cost:153139-percentage rejected:3)
1943-01-20,176703.87,14328,1.66,2.71,unknown,Ludlow,(total cost:162345-percentage rejected:2)
1965-07-03,180273.23,2656,2.03,2.12,gadget,Hillsdale,(total cost:162345-percentage rejected:2)
nan,163842.76,19628,2.87,1.67,gadget,Cincinnati,(total cost:153139-percentage rejected:3)
1961-04-16,138586.01,13690,2.92,3.28,thingamajig,Clifton,(total cost:153139-percentage rejected:3)
1903-06-27,132225.82,394,3.24,3.04,gadget,Kokomo,(total cost:153139-percentage rejected:3)
1958-11-24,173397.18,8838,3.31,2.49,frazmus,Clifton,(total cost:153139-percentage rejected:3)
1934-06-16,146060.51,13677,2.27,2.01,unknown,None,(total cost:162345-percentage rejected:2)
1,155521.79,19038,1.61,3.13,thingy,Kokomo,(total cost:162345-percentage rejected:2)
1965-05-28,183626.09,18881,2.75,0.15,widget,Clifton,(total cost:153139-percentage rejected:3)
1965-01-03,164625.31,13910,1.68,2.31,bobblehead,Cincinnati,(total cost:162345-percentage rejected:2)
1966-07-19,None,18910,1.73,1.13,widget,Columbus,(total cost:162345-percentage rejected:2)
1905-09-30,130825.25,13944,1.89,1.54,thingamajig,Lexington,(total cost:162345-percentage rejected:2)
1974-09-13,159281.69,14705, ,4.2,unknown,Kokomo,(total cost:162345-percentage rejected:2)
2012-04-16,155338.76,470,2.28,4.73,tool,Venice,(total cost:162345-percentage rejected:2)
1910-03-01,124509.98,7062,2.79,4.83,thingy,Ludlow,(total cost:153139-percentage rejected:3)
1908-03-28,244751.3,3757,1.7,3.65,thingamajig,Venice,(total cost:162345-percentage rejected:2)
1932-02-27,302840.94,13324,1.06,0.32,bobblehead,Venice,(total cost:346127-percentage rejected:1)
1936-09-12,135073.52,17138,2.28, ,frazmus,Columbus,(total cost:162345-percentage rejected:2)
1939-06-06,181949.42,13384,1.88,2.4, ,Lexington,(total cost:162345-percentage rejected:2)
1957-06-06,398888.5,3937,1.03,3.2,frazmus,Clifton,(total cost:346127-percentage rejected:1)
1966-01-31,154849.61,15361,3.51,3.91,thingamajig,Kokomo,(total cost:153139-percentage rejected:3)
1996-03-17,189233.09,16684,2.27,0.75,widget,Kokomo,(total cost:162345-percentage rejected:2)
1995-07-30,189330.75,1038,1.83,3.44,gizmo,Venice,(total cost:162345-percentage rejected:2)
1989-05-22,398814.83,19703,1.04,2.25,bobblehead,Columbus,(total cost:346127-percentage rejected:1)
1971-06-05,136337.91,13803,2.08,2.14,tool,Ludlow,(total cost:162345-percentage rejected:2)
2021-04-26,172300.45,17221,0.82,4.94,tool,Lexington,(total cost:346127-percentage rejected:1)
1986-04-17,132796.9,7428,1,4.49, ,Kokomo,(total cost:162345-percentage rejected:2)
1964-10-26,180054.95,16337,2.01,2.4,thingamajig,Ludlow,(total cost:162345-percentage rejected:2)
1914-04-11, ,22,1.15,0.91,gizmo, ,(total cost:346127-percentage rejected:1)
1901-10-01,150025.32,13913,2.74,1.31,frazmus,Lexington,(total cost:153139-percentage rejected:3)
1920-09-02,126740.97,12253,3.41,3.72,bobblehead,Columbus,(total cost:153139-percentage rejected:3)
1901-05-24,185500.14,7283,1.72,0.86,thingamajig,Kokomo,(total cost:162345-percentage rejected:2)
1998-03-10,162588.91,18121,2.38,3.83, ,None,(total cost:162345-percentage rejected:2)
1964-02-01,162990.7,2070,3.09,1.42,widget,Columbus,(total cost:153139-percentage rejected:3)
1984-05-25,372681.94,4787,0.84,1.17,thingamajig,Hillsdale,(total cost:346127-percentage rejected:1)
1916-04-15,168154.4,10129,2.27,3.64,bobblehead,Hillsdale,(total cost:162345-percentage rejected:2)
1948-07-12,366592.0,18087,1.11,2.17,frazmus,Venice,(total cost:346127-percentage rejected:1)
1988-06-27,163331.3,11536,2.22,0.03,gizmo,Ludlow,(total cost:162345-percentage rejected:2)
1903-04-14,136841.27,2859,2.21,3.07,bobblehead,Columbus,(total cost:162345-percentage rejected:2)
1912-10-31,175851.56,10184,3.32,2.92,widget,Clifton,(total cost:153139-percentage rejected:3)
1949-11-09,376274.74,2371,0.86,4.37,thingy,Columbus,(total cost:346127-percentage rejected:1)
nan,185405.21,19155,2.25,2.81,thingy,Columbus,(total cost:162345-percentage rejected:2)
1905-10-29,281423.76,12788,0,2.39,1,Clifton,(total cost:346127-percentage rejected:1)
1973-08-07,370491.53,7643,1.04,0.57,widget,Ludlow,(total cost:346127-percentage rejected:1)
1913-11-28,168338.35,5411,2.28,3.46,tool,Ludlow,(total cost:162345-percentage rejected:2)
1956-07-22,137492.36,4654,1.71,4.9,gizmo,Ludlow,(total cost:162345-percentage rejected:2)
1938-02-22,183452.85,4355,3.51,3.27,frazmus,Columbus,(total cost:153139-percentage rejected:3)
1966-01-03,175411.71,786,1.62,0.02,gizmo,Cincinnati,(total cost:162345-percentage rejected:2)
1915-12-18,162593.37,6448,2.28,2.49,widget,Ludlow,(total cost:162345-percentage rejected:2)
1902-11-06,354735.44,11030,1.07,3.96,gizmo,Hillsdale,(total cost:346127-percentage rejected:1)
1910-10-29,387682.79,7657,1.05,0.42,frazmus,Kokomo,(total cost:346127-percentage rejected:1)
1924-09-28,133613.17,5335,2.09,3.51,bobblehead,Columbus,(total cost:162345-percentage rejected:2)
1935-08-20,150560.96,3373,3.39,1,thingamajig,Venice,(total cost:153139-percentage rejected:3)
1928-02-01,138999.11,8228,2.08,4.35,frazmus,Hillsdale,(total cost:162345-percentage rejected:2)
2014-08-20,124500.31,1430,3.12,4.99,gizmo,Venice,(total cost:153139-percentage rejected:3)
1922-08-28,338392.8,2660,nan,1.92,unknown,Venice,(total cost:346127-percentage rejected:1)
1948-02-03,401798.91,6486,1.16,2.75,thingy,Lexington,(total cost:346127-percentage rejected:1)
1992-12-20,395297.68,11883,1.06,2.15,bobblehead,Venice,(total cost:346127-percentage rejected:1)
 ,145325.99,213,1.97,1.24,widget,Lexington,(total cost:162345-percentage rejected:2)
1919-06-13,158384.82,11567,2.14,1.76,bobblehead,Ludlow,(total cost:162345-percentage rejected:2)
1961-05-05,238899.18,16595,0.9,0.38,thingy,Venice,(total cost:346127-percentage rejected:1)
1962-02-25,174903.28,13754,3.17,3.19,unknown,Clifton,(total cost:153139-percentage rejected:3)
1953-05-24,nan,19071,1.96,0.76,frazmus,Kokomo,(total cost:162345-percentage rejected:2)
1946-12-07,366830.32,18298,1,2.06,thingy,Kokomo,(total cost:346127-percentage rejected:1)
1900-09-09,158018.6,6930,2.22, ,bobblehead,Venice,(total cost:162345-percentage rejected:2)
1922-10-11,152610.79,10849,1.95,3.41,frazmus,Ludlow,(total cost:162345-percentage rejected:2)
1970-07-21,369427.0,967,1.15,0.97,gizmo,Kokomo,(total cost:346127-percentage rejected:1)
2004-05-29,284323.32,15776,0.97,4.43,bobblehead,Columbus,(total cost:346127-percentage rejected:1)
1958-09-15,132643.23,10732,3.34,3.23,gadget,Ludlow,(total cost:153139-percentage rejected:3)
1920-07-08,317367.75,19325,0.93,0.56,gadget,0,(total cost:346127-percentage rejected:1)
2013-09-24,176408.41,11973,3.05,4.82,thingy,Venice,(total cost:153139-percentage rejected:3)
1922-03-25,383969.33,11007,1.18,1.11,thingamajig,Ludlow,(total cost:346127-percentage rejected:1)
2005-02-17,172857.47,13134,3.07,3.89,gizmo,Lexington,(total cost:153139-percentage rejected:3)
1999-04-30,169297.12,947,2.94,2.65,gizmo,Kokomo,(total cost:153139-percentage rejected:3)
1920-05-05,171213.19,17861,3.06,0.65,widget,Lexington,(total cost:153139-percentage rejected:3)
1953-04-11,131455.23,2866,1.76,0.51,widget,Cincinnati,(total cost:162345-percentage rejected:2)
1986-02-16,151201.08,3770,3.42,3.77,frazmus,Ludlow,(total cost:153139-percentage rejected:3)
1996-01-17,279851.13,13530,1.17,2.1,unknown,Lexington,(total cost:346127-percentage rejected:1)
1952-12-10,1,6814,2.0,0.44,thingamajig,Cincinnati,(total cost:162345-percentage rejected:2)
1953-03-29,166460.14,7252,1.89,1.72,gadget,Lexington,(total cost:162345-percentage rejected:2)
1962-10-15,408983.58,8035,1.14,0.44,thingy,Ludlow,(total cost:346127-percentage rejected:1)
2002-07-25,334495.59,14036,0.84,3.19,unknown,Cincinnati,(total cost:346127-percentage rejected:1)
1946-10-04,162026.4,7746,3.53,2.05,gadget,Ludlow,(total cost:153139-percentage rejected:3)
2016-03-10,283021.6,12595,0.9,2.39,gizmo,Lexington,(total cost:346127-percentage rejected:1)
1980-07-05,136467.3,1713,1.81,1.29,thingy,Ludlow,(total cost:162345-percentage rejected:2)
1983-08-12,293371.69,16762,1.11,0.27, ,Kokomo,(total cost:346127-percentage rejected:1)
1971-04-04,80522.09,15399,2.19,2.62,widget,Clifton,(total cost:162345-percentage rejected:2)
1952-08-03,260827.24,7178,1.84,3.26,unknown,Venice,(total cost:162345-percentage rejected:2)
1996-01-14,184554.08,8539,1.61,2.76,thingy,Columbus,(total cost:162345-percentage rejected:2)
2002-08-06,171668.58,19093,3.18,2.76,gizmo,Venice,(total cost:153139-percentage rejected:3)
1903-11-21,178157.01,3823,1.7,3.82,gadget,Clifton,(total cost:162345-percentage rejected:2)
2014-07-23,187125.61,16395,2.14,4.54,bobblehead,Lexington,(total cost:162345-percentage rejected:2)
1910-02-12,163591.39,12312,2.02,4.83,thingamajig,Ludlow,(total cost:162345-percentage rejected:2)
1,399243.84,8441,0.91,2.53,gizmo,Hillsdale,(total cost:346127-percentage rejected:1)
1961-09-17,163746.52,14780,2.86,1,bobblehead,Ludlow,(total cost:153139-percentage rejected:3)
1916-02-07,332375.3,2416,0.97,2.89,tool,Cincinnati,(total cost:346127-percentage rejected:1)
1963-11-03,153915.31,10870,1.93,3.5,gizmo,Lexington,(total cost:162345-percentage rejected:2)
1971-04-24,330147.41,1645,1.04,0,tool,Venice,(total cost:346127-percentage rejected:1)
1970-09-03,367905.32,16395,1.0,4.65,tool,Clifton,(total cost:346127-percentage rejected:1)
1972-10-18,410363.12,13812, ,1.35,tool,Columbus,(total cost:346127-percentage rejected:1)
1914-05-24,131906.07,18129,1.6,0.83,gizmo,Venice,(total cost:162345-percentage rejected:2)
1997-10-16,169873.81,14239,None,1.61,thingamajig,Lexington,(total cost:162345-percentage rejected:2)
1942-04-19,162292.12,1,2.32,0.11,None,Ludlow,(total cost:162345-percentage rejected:2)
1927-12-01,385234.45,17537,0.98,2.49,gadget,Lexington,(total cost:346127-percentage rejected:1)
1914-02-13,138716.03,18673,1.67,2.07,widget,Lexington,(total cost:162345-percentage rejected:2)
1914-05-19,407629.94,4939,1.2,2.31,gadget,0,(total cost:346127-percentage rejected:1)
1933-01-29,nan,6323,2.89,3.23,frazmus,Lexington,(total cost:153139-percentage rejected:3)
2018-04-14,292041.1,11162,1.05,2.16,bobblehead,Columbus,(total cost:346127-percentage rejected:1)
1925-05-19,167720.77,19195,2.08,4.97,gizmo,Kokomo,(total cost:162345-percentage rejected:2)
1921-06-04,167485.78,19424,1.76,0.5,widget,Hillsdale,(total cost:162345-percentage rejected:2)
1900-02-13,130712.13,1480,3.05,1.66,thingamajig,Kokomo,(total cost:153139-percentage rejected:3)
1968-08-29,175046.33,6167,2.17,4.05,frazmus,1,(total cost:162345-percentage rejected:2)
1900-12-23,363802.07,16168,1.15,0.98,gizmo,Hillsdale,(total cost:346127-percentage rejected:1)
1901-09-25,91948.96,15979,3.03,4.47,tool,Hillsdale,(total cost:153139-percentage rejected:3)
1967-01-06,139695.11,17500,1.77,0.45,gizmo,Venice,(total cost:162345-percentage rejected:2)
1927-09-04,159309.52,2458,2.72,1.78,frazmus,None,(total cost:153139-percentage rejected:3)
1979-05-20,163781.84,8645,3.22,0.21,gizmo,Venice,(total cost:153139-percentage rejected:3)
